This is pdfTeX, Version 3.141592653-2.6-1.40.29 (TeX Live 2026) (preloaded format=pdflatex 2026.3.30)  1 MAY 2026 16:13
entering extended mode
 restricted \write18 enabled.
 %&-line parsing enabled.
**abdnthesis.tex
(./abdnthesis.tex
LaTeX2e <2025-11-01>
L3 programming layer <2026-01-19>
(./abdnthesis.cls
Document Class: abdnthesis 2013/08/11 2.3 ABDN Thesis Class
(/usr/local/texlive/2026/texmf-dist/tex/generic/iftex/ifpdf.sty
Package: ifpdf 2019/10/25 v3.4 ifpdf legacy package. Use iftex instead.

(/usr/local/texlive/2026/texmf-dist/tex/generic/iftex/iftex.sty
Package: iftex 2024/12/12 v1.0g TeX engine tests
))
(/usr/local/texlive/2026/texmf-dist/tex/latex/setspace/setspace.sty
Package: setspace 2022/12/04 v6.7b set line spacing
)
(/usr/local/texlive/2026/texmf-dist/tex/latex/base/book.cls
Document Class: book 2025/01/22 v1.4n Standard LaTeX document class
(/usr/local/texlive/2026/texmf-dist/tex/latex/base/bk11.clo
File: bk11.clo 2025/01/22 v1.4n Standard LaTeX file (size option)
)
\c@part=\count275
\c@chapter=\count276
\c@section=\count277
\c@subsection=\count278
\c@subsubsection=\count279
\c@paragraph=\count280
\c@subparagraph=\count281
\c@figure=\count282
\c@table=\count283
\abovecaptionskip=\skip49
\belowcaptionskip=\skip50
\bibindent=\dimen148
)
(/usr/local/texlive/2026/texmf-dist/tex/latex/graphics/graphicx.sty
Package: graphicx 2024/12/31 v1.2e Enhanced LaTeX Graphics (DPC,SPQR)

(/usr/local/texlive/2026/texmf-dist/tex/latex/graphics/keyval.sty
Package: keyval 2022/05/29 v1.15 key=value parser (DPC)
\KV@toks@=\toks17
)
(/usr/local/texlive/2026/texmf-dist/tex/latex/graphics/graphics.sty
Package: graphics 2024/08/06 v1.4g Standard LaTeX Graphics (DPC,SPQR)

(/usr/local/texlive/2026/texmf-dist/tex/latex/graphics/trig.sty
Package: trig 2023/12/02 v1.11 sin cos tan (DPC)
)
(/usr/local/texlive/2026/texmf-dist/tex/latex/graphics-cfg/graphics.cfg
File: graphics.cfg 2016/06/04 v1.11 sample graphics configuration
)
Package graphics Info: Driver file: pdftex.def on input line 106.

(/usr/local/texlive/2026/texmf-dist/tex/latex/graphics-def/pdftex.def
File: pdftex.def 2025/09/29 v1.2d Graphics/color driver for pdftex
))
\Gin@req@height=\dimen149
\Gin@req@width=\dimen150
)
(/usr/local/texlive/2026/texmf-dist/tex/latex/psnfss/mathptmx.sty
Package: mathptmx 2020/03/25 PSNFSS-v9.3 Times w/ Math, improved (SPQR, WaS) 
LaTeX Font Info:    Redeclaring symbol font `operators' on input line 28.
LaTeX Font Info:    Overwriting symbol font `operators' in version `normal'
(Font)                  OT1/cmr/m/n --> OT1/ztmcm/m/n on input line 28.
LaTeX Font Info:    Overwriting symbol font `operators' in version `bold'
(Font)                  OT1/cmr/bx/n --> OT1/ztmcm/m/n on input line 28.
LaTeX Font Info:    Redeclaring symbol font `letters' on input line 29.
LaTeX Font Info:    Overwriting symbol font `letters' in version `normal'
(Font)                  OML/cmm/m/it --> OML/ztmcm/m/it on input line 29.
LaTeX Font Info:    Overwriting symbol font `letters' in version `bold'
(Font)                  OML/cmm/b/it --> OML/ztmcm/m/it on input line 29.
LaTeX Font Info:    Redeclaring symbol font `symbols' on input line 30.
LaTeX Font Info:    Overwriting symbol font `symbols' in version `normal'
(Font)                  OMS/cmsy/m/n --> OMS/ztmcm/m/n on input line 30.
LaTeX Font Info:    Overwriting symbol font `symbols' in version `bold'
(Font)                  OMS/cmsy/b/n --> OMS/ztmcm/m/n on input line 30.
LaTeX Font Info:    Redeclaring symbol font `largesymbols' on input line 31.
LaTeX Font Info:    Overwriting symbol font `largesymbols' in version `normal'
(Font)                  OMX/cmex/m/n --> OMX/ztmcm/m/n on input line 31.
LaTeX Font Info:    Overwriting symbol font `largesymbols' in version `bold'
(Font)                  OMX/cmex/m/n --> OMX/ztmcm/m/n on input line 31.
\symbold=\mathgroup4
\symitalic=\mathgroup5
LaTeX Font Info:    Redeclaring math alphabet \mathbf on input line 34.
LaTeX Font Info:    Overwriting math alphabet `\mathbf' in version `normal'
(Font)                  OT1/cmr/bx/n --> OT1/ptm/bx/n on input line 34.
LaTeX Font Info:    Overwriting math alphabet `\mathbf' in version `bold'
(Font)                  OT1/cmr/bx/n --> OT1/ptm/bx/n on input line 34.
LaTeX Font Info:    Redeclaring math alphabet \mathit on input line 35.
LaTeX Font Info:    Overwriting math alphabet `\mathit' in version `normal'
(Font)                  OT1/cmr/m/it --> OT1/ptm/m/it on input line 35.
LaTeX Font Info:    Overwriting math alphabet `\mathit' in version `bold'
(Font)                  OT1/cmr/bx/it --> OT1/ptm/m/it on input line 35.
LaTeX Info: Redefining \hbar on input line 50.
)
LaTeX Font Info:    Overwriting math alphabet `\mathcal' in version `normal'
(Font)                  OMS/ztmcm/m/n --> OMS/cmsy/m/n on input line 227.
LaTeX Font Info:    Overwriting math alphabet `\mathcal' in version `bold'
(Font)                  OMS/ztmcm/m/n --> OMS/cmsy/b/n on input line 228.

(/usr/local/texlive/2026/texmf-dist/tex/latex/fancyhdr/fancyhdr.sty
Package: fancyhdr 2025/02/07 v5.2 Extensive control of page headers and footers

\f@nch@headwidth=\skip51
\f@nch@offset@elh=\skip52
\f@nch@offset@erh=\skip53
\f@nch@offset@olh=\skip54
\f@nch@offset@orh=\skip55
\f@nch@offset@elf=\skip56
\f@nch@offset@erf=\skip57
\f@nch@offset@olf=\skip58
\f@nch@offset@orf=\skip59
\f@nch@height=\skip60
\f@nch@footalignment=\skip61
\f@nch@widthL=\skip62
\f@nch@widthC=\skip63
\f@nch@widthR=\skip64
\@temptokenb=\toks18
)
(/usr/local/texlive/2026/texmf-dist/tex/latex/caption/caption.sty
Package: caption 2023/08/05 v3.6o Customizing captions (AR)

(/usr/local/texlive/2026/texmf-dist/tex/latex/caption/caption3.sty
Package: caption3 2023/07/31 v2.4d caption3 kernel (AR)
\caption@tempdima=\dimen151
\captionmargin=\dimen152
\caption@leftmargin=\dimen153
\caption@rightmargin=\dimen154
\caption@width=\dimen155
\caption@indent=\dimen156
\caption@parindent=\dimen157
\caption@hangindent=\dimen158
Package caption Info: Standard document class detected.
)
\c@caption@flags=\count284
\c@continuedfloat=\count285
)
(/usr/local/texlive/2026/texmf-dist/tex/latex/amsmath/amsmath.sty
Package: amsmath 2025/07/09 v2.17z AMS math features
\@mathmargin=\skip65

For additional information on amsmath, use the `?' option.
(/usr/local/texlive/2026/texmf-dist/tex/latex/amsmath/amstext.sty
Package: amstext 2024/11/17 v2.01 AMS text

(/usr/local/texlive/2026/texmf-dist/tex/latex/amsmath/amsgen.sty
File: amsgen.sty 1999/11/30 v2.0 generic functions
\@emptytoks=\toks19
\ex@=\dimen159
))
(/usr/local/texlive/2026/texmf-dist/tex/latex/amsmath/amsbsy.sty
Package: amsbsy 1999/11/29 v1.2d Bold Symbols
\pmbraise@=\dimen160
)
(/usr/local/texlive/2026/texmf-dist/tex/latex/amsmath/amsopn.sty
Package: amsopn 2022/04/08 v2.04 operator names
)
\inf@bad=\count286
LaTeX Info: Redefining \frac on input line 233.
\uproot@=\count287
\leftroot@=\count288
LaTeX Info: Redefining \overline on input line 398.
LaTeX Info: Redefining \colon on input line 409.
\classnum@=\count289
\DOTSCASE@=\count290
LaTeX Info: Redefining \ldots on input line 495.
LaTeX Info: Redefining \dots on input line 498.
LaTeX Info: Redefining \cdots on input line 619.
\Mathstrutbox@=\box53
\strutbox@=\box54
LaTeX Info: Redefining \big on input line 721.
LaTeX Info: Redefining \Big on input line 722.
LaTeX Info: Redefining \bigg on input line 723.
LaTeX Info: Redefining \Bigg on input line 724.
\big@size=\dimen161
LaTeX Font Info:    Redeclaring font encoding OML on input line 742.
LaTeX Font Info:    Redeclaring font encoding OMS on input line 743.
\macc@depth=\count291
LaTeX Info: Redefining \bmod on input line 904.
LaTeX Info: Redefining \pmod on input line 909.
LaTeX Info: Redefining \smash on input line 939.
LaTeX Info: Redefining \relbar on input line 969.
LaTeX Info: Redefining \Relbar on input line 970.
\c@MaxMatrixCols=\count292
\dotsspace@=\muskip17
\c@parentequation=\count293
\dspbrk@lvl=\count294
\tag@help=\toks20
\row@=\count295
\column@=\count296
\maxfields@=\count297
\andhelp@=\toks21
\eqnshift@=\dimen162
\alignsep@=\dimen163
\tagshift@=\dimen164
\tagwidth@=\dimen165
\totwidth@=\dimen166
\lineht@=\dimen167
\@envbody=\toks22
\multlinegap=\skip66
\multlinetaggap=\skip67
\mathdisplay@stack=\toks23
LaTeX Info: Redefining \[ on input line 2950.
LaTeX Info: Redefining \] on input line 2951.
)
(/usr/local/texlive/2026/texmf-dist/tex/latex/amsfonts/amsfonts.sty
Package: amsfonts 2013/01/14 v3.01 Basic AMSFonts support
\symAMSa=\mathgroup6
\symAMSb=\mathgroup7
LaTeX Font Info:    Overwriting math alphabet `\mathfrak' in version `bold'
(Font)                  U/euf/m/n --> U/euf/b/n on input line 106.
)
(/usr/local/texlive/2026/texmf-dist/tex/latex/amsfonts/amssymb.sty
Package: amssymb 2013/01/14 v3.01 AMS font symbols
))
(/usr/local/texlive/2026/texmf-dist/tex/latex/natbib/natbib.sty
Package: natbib 2010/09/13 8.31b (PWD, AO)
\bibhang=\skip68
\bibsep=\skip69
LaTeX Info: Redefining \cite on input line 694.
\c@NAT@ctr=\count298
)
(/usr/local/texlive/2026/texmf-dist/tex/latex/base/fontenc.sty
Package: fontenc 2025/07/18 v2.1d Standard LaTeX package
LaTeX Font Info:    Trying to load font information for T1+ptm on input line 11
6.

(/usr/local/texlive/2026/texmf-dist/tex/latex/psnfss/t1ptm.fd
File: t1ptm.fd 2001/06/04 font definitions for T1/ptm.
))
(/usr/local/texlive/2026/texmf-dist/tex/latex/xcolor/xcolor.sty
Package: xcolor 2024/09/29 v3.02 LaTeX color extensions (UK)

(/usr/local/texlive/2026/texmf-dist/tex/latex/graphics-cfg/color.cfg
File: color.cfg 2016/01/02 v1.6 sample color configuration
)
Package xcolor Info: Driver file: pdftex.def on input line 274.

(/usr/local/texlive/2026/texmf-dist/tex/latex/graphics/mathcolor.ltx)
Package xcolor Info: Model `cmy' substituted by `cmy0' on input line 1349.
Package xcolor Info: Model `hsb' substituted by `rgb' on input line 1353.
Package xcolor Info: Model `RGB' extended on input line 1365.
Package xcolor Info: Model `HTML' substituted by `rgb' on input line 1367.
Package xcolor Info: Model `Hsb' substituted by `hsb' on input line 1368.
Package xcolor Info: Model `tHsb' substituted by `hsb' on input line 1369.
Package xcolor Info: Model `HSB' substituted by `hsb' on input line 1370.
Package xcolor Info: Model `Gray' substituted by `gray' on input line 1371.
Package xcolor Info: Model `wave' substituted by `hsb' on input line 1372.
)
(/usr/local/texlive/2026/texmf-dist/tex/latex/colortbl/colortbl.sty
Package: colortbl 2024/10/29 v1.0k Color table columns (DPC)

(/usr/local/texlive/2026/texmf-dist/tex/latex/tools/array.sty
Package: array 2025/09/25 v2.6n Tabular extension package (FMi)
\col@sep=\dimen168
\ar@mcellbox=\box55
\extrarowheight=\dimen169
\NC@list=\toks24
\extratabsurround=\skip70
\backup@length=\skip71
\ar@cellbox=\box56
)
\everycr=\toks25
\minrowclearance=\skip72
\rownum=\count299
)
(/usr/local/texlive/2026/texmf-dist/tex/latex/pgf/frontendlayer/tikz.sty
(/usr/local/texlive/2026/texmf-dist/tex/latex/pgf/basiclayer/pgf.sty
(/usr/local/texlive/2026/texmf-dist/tex/latex/pgf/utilities/pgfrcs.sty
(/usr/local/texlive/2026/texmf-dist/tex/generic/pgf/utilities/pgfutil-common.te
x
\pgfutil@everybye=\toks26
\pgfutil@tempdima=\dimen170
\pgfutil@tempdimb=\dimen171
)
(/usr/local/texlive/2026/texmf-dist/tex/generic/pgf/utilities/pgfutil-latex.def
\pgfutil@abb=\box57
) (/usr/local/texlive/2026/texmf-dist/tex/generic/pgf/utilities/pgfrcs.code.tex
(/usr/local/texlive/2026/texmf-dist/tex/generic/pgf/pgf.revision.tex)
Package: pgfrcs 2025-08-29 v3.1.11a (3.1.11a)
))
Package: pgf 2025-08-29 v3.1.11a (3.1.11a)

(/usr/local/texlive/2026/texmf-dist/tex/latex/pgf/basiclayer/pgfcore.sty
(/usr/local/texlive/2026/texmf-dist/tex/latex/pgf/systemlayer/pgfsys.sty
(/usr/local/texlive/2026/texmf-dist/tex/generic/pgf/systemlayer/pgfsys.code.tex
Package: pgfsys 2025-08-29 v3.1.11a (3.1.11a)
(/usr/local/texlive/2026/texmf-dist/tex/generic/pgf/utilities/pgfkeys.code.tex
\pgfkeys@pathtoks=\toks27
\pgfkeys@temptoks=\toks28

(/usr/local/texlive/2026/texmf-dist/tex/generic/pgf/utilities/pgfkeyslibraryfil
tered.code.tex
\pgfkeys@tmptoks=\toks29
))
\pgf@x=\dimen172
\pgf@y=\dimen173
\pgf@xa=\dimen174
\pgf@ya=\dimen175
\pgf@xb=\dimen176
\pgf@yb=\dimen177
\pgf@xc=\dimen178
\pgf@yc=\dimen179
\pgf@xd=\dimen180
\pgf@yd=\dimen181
\w@pgf@writea=\write3
\r@pgf@reada=\read2
\c@pgf@counta=\count300
\c@pgf@countb=\count301
\c@pgf@countc=\count302
\c@pgf@countd=\count303
\t@pgf@toka=\toks30
\t@pgf@tokb=\toks31
\t@pgf@tokc=\toks32
\pgf@sys@id@count=\count304

(/usr/local/texlive/2026/texmf-dist/tex/generic/pgf/systemlayer/pgf.cfg
File: pgf.cfg 2025-08-29 v3.1.11a (3.1.11a)
)
Driver file for pgf: pgfsys-pdftex.def

(/usr/local/texlive/2026/texmf-dist/tex/generic/pgf/systemlayer/pgfsys-pdftex.d
ef
File: pgfsys-pdftex.def 2025-08-29 v3.1.11a (3.1.11a)

(/usr/local/texlive/2026/texmf-dist/tex/generic/pgf/systemlayer/pgfsys-common-p
df.def
File: pgfsys-common-pdf.def 2025-08-29 v3.1.11a (3.1.11a)
)))
(/usr/local/texlive/2026/texmf-dist/tex/generic/pgf/systemlayer/pgfsyssoftpath.
code.tex
File: pgfsyssoftpath.code.tex 2025-08-29 v3.1.11a (3.1.11a)
\pgfsyssoftpath@smallbuffer@items=\count305
\pgfsyssoftpath@bigbuffer@items=\count306
)
(/usr/local/texlive/2026/texmf-dist/tex/generic/pgf/systemlayer/pgfsysprotocol.
code.tex
File: pgfsysprotocol.code.tex 2025-08-29 v3.1.11a (3.1.11a)
))
(/usr/local/texlive/2026/texmf-dist/tex/generic/pgf/basiclayer/pgfcore.code.tex
Package: pgfcore 2025-08-29 v3.1.11a (3.1.11a)
(/usr/local/texlive/2026/texmf-dist/tex/generic/pgf/math/pgfmath.code.tex
(/usr/local/texlive/2026/texmf-dist/tex/generic/pgf/math/pgfmathutil.code.tex)
(/usr/local/texlive/2026/texmf-dist/tex/generic/pgf/math/pgfmathparser.code.tex
\pgfmath@dimen=\dimen182
\pgfmath@count=\count307
\pgfmath@box=\box58
\pgfmath@toks=\toks33
\pgfmath@stack@operand=\toks34
\pgfmath@stack@operation=\toks35
)
(/usr/local/texlive/2026/texmf-dist/tex/generic/pgf/math/pgfmathfunctions.code.
tex)
(/usr/local/texlive/2026/texmf-dist/tex/generic/pgf/math/pgfmathfunctions.basic
.code.tex)
(/usr/local/texlive/2026/texmf-dist/tex/generic/pgf/math/pgfmathfunctions.trigo
nometric.code.tex)
(/usr/local/texlive/2026/texmf-dist/tex/generic/pgf/math/pgfmathfunctions.rando
m.code.tex)
(/usr/local/texlive/2026/texmf-dist/tex/generic/pgf/math/pgfmathfunctions.compa
rison.code.tex)
(/usr/local/texlive/2026/texmf-dist/tex/generic/pgf/math/pgfmathfunctions.base.
code.tex)
(/usr/local/texlive/2026/texmf-dist/tex/generic/pgf/math/pgfmathfunctions.round
.code.tex)
(/usr/local/texlive/2026/texmf-dist/tex/generic/pgf/math/pgfmathfunctions.misc.
code.tex)
(/usr/local/texlive/2026/texmf-dist/tex/generic/pgf/math/pgfmathfunctions.integ
erarithmetics.code.tex)
(/usr/local/texlive/2026/texmf-dist/tex/generic/pgf/math/pgfmathcalc.code.tex)
(/usr/local/texlive/2026/texmf-dist/tex/generic/pgf/math/pgfmathfloat.code.tex
\c@pgfmathroundto@lastzeros=\count308
)) (/usr/local/texlive/2026/texmf-dist/tex/generic/pgf/math/pgfint.code.tex)
(/usr/local/texlive/2026/texmf-dist/tex/generic/pgf/basiclayer/pgfcorepoints.co
de.tex
File: pgfcorepoints.code.tex 2025-08-29 v3.1.11a (3.1.11a)
\pgf@picminx=\dimen183
\pgf@picmaxx=\dimen184
\pgf@picminy=\dimen185
\pgf@picmaxy=\dimen186
\pgf@pathminx=\dimen187
\pgf@pathmaxx=\dimen188
\pgf@pathminy=\dimen189
\pgf@pathmaxy=\dimen190
\pgf@xx=\dimen191
\pgf@xy=\dimen192
\pgf@yx=\dimen193
\pgf@yy=\dimen194
\pgf@zx=\dimen195
\pgf@zy=\dimen196
)
(/usr/local/texlive/2026/texmf-dist/tex/generic/pgf/basiclayer/pgfcorepathconst
ruct.code.tex
File: pgfcorepathconstruct.code.tex 2025-08-29 v3.1.11a (3.1.11a)
\pgf@path@lastx=\dimen197
\pgf@path@lasty=\dimen198
)
(/usr/local/texlive/2026/texmf-dist/tex/generic/pgf/basiclayer/pgfcorepathusage
.code.tex
File: pgfcorepathusage.code.tex 2025-08-29 v3.1.11a (3.1.11a)
\pgf@shorten@end@additional=\dimen199
\pgf@shorten@start@additional=\dimen256
)
(/usr/local/texlive/2026/texmf-dist/tex/generic/pgf/basiclayer/pgfcorescopes.co
de.tex
File: pgfcorescopes.code.tex 2025-08-29 v3.1.11a (3.1.11a)
\pgfpic=\box59
\pgf@hbox=\box60
\pgf@layerbox@main=\box61
\pgf@picture@serial@count=\count309
)
(/usr/local/texlive/2026/texmf-dist/tex/generic/pgf/basiclayer/pgfcoregraphicst
ate.code.tex
File: pgfcoregraphicstate.code.tex 2025-08-29 v3.1.11a (3.1.11a)
\pgflinewidth=\dimen257
)
(/usr/local/texlive/2026/texmf-dist/tex/generic/pgf/basiclayer/pgfcoretransform
ations.code.tex
File: pgfcoretransformations.code.tex 2025-08-29 v3.1.11a (3.1.11a)
\pgf@pt@x=\dimen258
\pgf@pt@y=\dimen259
\pgf@pt@temp=\dimen260
)
(/usr/local/texlive/2026/texmf-dist/tex/generic/pgf/basiclayer/pgfcorequick.cod
e.tex
File: pgfcorequick.code.tex 2025-08-29 v3.1.11a (3.1.11a)
)
(/usr/local/texlive/2026/texmf-dist/tex/generic/pgf/basiclayer/pgfcoreobjects.c
ode.tex
File: pgfcoreobjects.code.tex 2025-08-29 v3.1.11a (3.1.11a)
)
(/usr/local/texlive/2026/texmf-dist/tex/generic/pgf/basiclayer/pgfcorepathproce
ssing.code.tex
File: pgfcorepathprocessing.code.tex 2025-08-29 v3.1.11a (3.1.11a)
)
(/usr/local/texlive/2026/texmf-dist/tex/generic/pgf/basiclayer/pgfcorearrows.co
de.tex
File: pgfcorearrows.code.tex 2025-08-29 v3.1.11a (3.1.11a)
\pgfarrowsep=\dimen261
)
(/usr/local/texlive/2026/texmf-dist/tex/generic/pgf/basiclayer/pgfcoreshade.cod
e.tex
File: pgfcoreshade.code.tex 2025-08-29 v3.1.11a (3.1.11a)
\pgf@max=\dimen262
\pgf@sys@shading@range@num=\count310
\pgf@shadingcount=\count311
)
(/usr/local/texlive/2026/texmf-dist/tex/generic/pgf/basiclayer/pgfcoreimage.cod
e.tex
File: pgfcoreimage.code.tex 2025-08-29 v3.1.11a (3.1.11a)
)
(/usr/local/texlive/2026/texmf-dist/tex/generic/pgf/basiclayer/pgfcoreexternal.
code.tex
File: pgfcoreexternal.code.tex 2025-08-29 v3.1.11a (3.1.11a)
\pgfexternal@startupbox=\box62
)
(/usr/local/texlive/2026/texmf-dist/tex/generic/pgf/basiclayer/pgfcorelayers.co
de.tex
File: pgfcorelayers.code.tex 2025-08-29 v3.1.11a (3.1.11a)
)
(/usr/local/texlive/2026/texmf-dist/tex/generic/pgf/basiclayer/pgfcoretranspare
ncy.code.tex
File: pgfcoretransparency.code.tex 2025-08-29 v3.1.11a (3.1.11a)
)
(/usr/local/texlive/2026/texmf-dist/tex/generic/pgf/basiclayer/pgfcorepatterns.
code.tex
File: pgfcorepatterns.code.tex 2025-08-29 v3.1.11a (3.1.11a)
)
(/usr/local/texlive/2026/texmf-dist/tex/generic/pgf/basiclayer/pgfcorerdf.code.
tex
File: pgfcorerdf.code.tex 2025-08-29 v3.1.11a (3.1.11a)
)))
(/usr/local/texlive/2026/texmf-dist/tex/generic/pgf/modules/pgfmoduleshapes.cod
e.tex
File: pgfmoduleshapes.code.tex 2025-08-29 v3.1.11a (3.1.11a)
\pgfnodeparttextbox=\box63
)
(/usr/local/texlive/2026/texmf-dist/tex/generic/pgf/modules/pgfmoduleplot.code.
tex
File: pgfmoduleplot.code.tex 2025-08-29 v3.1.11a (3.1.11a)
)
(/usr/local/texlive/2026/texmf-dist/tex/latex/pgf/compatibility/pgfcomp-version
-0-65.sty
Package: pgfcomp-version-0-65 2025-08-29 v3.1.11a (3.1.11a)
\pgf@nodesepstart=\dimen263
\pgf@nodesepend=\dimen264
)
(/usr/local/texlive/2026/texmf-dist/tex/latex/pgf/compatibility/pgfcomp-version
-1-18.sty
Package: pgfcomp-version-1-18 2025-08-29 v3.1.11a (3.1.11a)
))
(/usr/local/texlive/2026/texmf-dist/tex/latex/pgf/utilities/pgffor.sty
(/usr/local/texlive/2026/texmf-dist/tex/latex/pgf/utilities/pgfkeys.sty
(/usr/local/texlive/2026/texmf-dist/tex/generic/pgf/utilities/pgfkeys.code.tex)
) (/usr/local/texlive/2026/texmf-dist/tex/latex/pgf/math/pgfmath.sty
(/usr/local/texlive/2026/texmf-dist/tex/generic/pgf/math/pgfmath.code.tex))
(/usr/local/texlive/2026/texmf-dist/tex/generic/pgf/utilities/pgffor.code.tex
Package: pgffor 2025-08-29 v3.1.11a (3.1.11a)
\pgffor@iter=\dimen265
\pgffor@skip=\dimen266
\pgffor@stack=\toks36
\pgffor@toks=\toks37
))
(/usr/local/texlive/2026/texmf-dist/tex/generic/pgf/frontendlayer/tikz/tikz.cod
e.tex
Package: tikz 2025-08-29 v3.1.11a (3.1.11a)

(/usr/local/texlive/2026/texmf-dist/tex/generic/pgf/libraries/pgflibraryplothan
dlers.code.tex
File: pgflibraryplothandlers.code.tex 2025-08-29 v3.1.11a (3.1.11a)
\pgf@plot@mark@count=\count312
\pgfplotmarksize=\dimen267
)
\tikz@lastx=\dimen268
\tikz@lasty=\dimen269
\tikz@lastxsaved=\dimen270
\tikz@lastysaved=\dimen271
\tikz@lastmovetox=\dimen272
\tikz@lastmovetoy=\dimen273
\tikzleveldistance=\dimen274
\tikzsiblingdistance=\dimen275
\tikz@figbox=\box64
\tikz@figbox@bg=\box65
\tikz@tempbox=\box66
\tikz@tempbox@bg=\box67
\tikztreelevel=\count313
\tikznumberofchildren=\count314
\tikznumberofcurrentchild=\count315
\tikz@fig@count=\count316

(/usr/local/texlive/2026/texmf-dist/tex/generic/pgf/modules/pgfmodulematrix.cod
e.tex
File: pgfmodulematrix.code.tex 2025-08-29 v3.1.11a (3.1.11a)
\pgfmatrixcurrentrow=\count317
\pgfmatrixcurrentcolumn=\count318
\pgf@matrix@numberofcolumns=\count319
)
\tikz@expandcount=\count320

(/usr/local/texlive/2026/texmf-dist/tex/generic/pgf/frontendlayer/tikz/librarie
s/tikzlibrarytopaths.code.tex
File: tikzlibrarytopaths.code.tex 2025-08-29 v3.1.11a (3.1.11a)
)))
(/usr/local/texlive/2026/texmf-dist/tex/generic/pgf/libraries/pgflibraryarrows.
meta.code.tex
File: pgflibraryarrows.meta.code.tex 2025-08-29 v3.1.11a (3.1.11a)
\pgfarrowinset=\dimen276
\pgfarrowlength=\dimen277
\pgfarrowwidth=\dimen278
\pgfarrowlinewidth=\dimen279
)
(/usr/local/texlive/2026/texmf-dist/tex/generic/pgf/frontendlayer/tikz/librarie
s/tikzlibrarypositioning.code.tex
File: tikzlibrarypositioning.code.tex 2025-08-29 v3.1.11a (3.1.11a)
)
(/usr/local/texlive/2026/texmf-dist/tex/generic/pgf/frontendlayer/tikz/librarie
s/tikzlibraryfit.code.tex
File: tikzlibraryfit.code.tex 2025-08-29 v3.1.11a (3.1.11a)
)
(/usr/local/texlive/2026/texmf-dist/tex/generic/pgf/frontendlayer/tikz/librarie
s/tikzlibrarycalc.code.tex
File: tikzlibrarycalc.code.tex 2025-08-29 v3.1.11a (3.1.11a)
)
(/usr/local/texlive/2026/texmf-dist/tex/generic/pgf/frontendlayer/tikz/librarie
s/tikzlibrarybackgrounds.code.tex
File: tikzlibrarybackgrounds.code.tex 2025-08-29 v3.1.11a (3.1.11a)
\pgf@layerbox@background=\box68
\pgf@layerboxsaved@background=\box69
)
(/usr/local/texlive/2026/texmf-dist/tex/latex/tcolorbox/tcolorbox.sty
Package: tcolorbox 2025/11/28 version 6.9.0 text color boxes

(/usr/local/texlive/2026/texmf-dist/tex/latex/tools/verbatim.sty
Package: verbatim 2024-01-22 v1.5x LaTeX2e package for verbatim enhancements
\every@verbatim=\toks38
\verbatim@line=\toks39
\verbatim@in@stream=\read3
)
(/usr/local/texlive/2026/texmf-dist/tex/latex/environ/environ.sty
Package: environ 2014/05/04 v0.3 A new way to define environments

(/usr/local/texlive/2026/texmf-dist/tex/latex/trimspaces/trimspaces.sty
Package: trimspaces 2009/09/17 v1.1 Trim spaces around a token list
))
(/usr/local/texlive/2026/texmf-dist/tex/latex/etoolbox/etoolbox.sty
Package: etoolbox 2025/10/02 v2.5m e-TeX tools for LaTeX (JAW)
\etb@tempcnta=\count321
)
\tcb@titlebox=\box70
\tcb@upperbox=\box71
\tcb@lowerbox=\box72
\tcb@phantombox=\box73
\c@tcbbreakpart=\count322
\c@tcblayer=\count323
\c@tcolorbox@number=\count324
\l__tcobox_tmpa_box=\box74
\l__tcobox_tmpa_dim=\dimen280
\tcb@temp=\box75
\tcb@temp=\box76
\tcb@temp=\box77
\tcb@temp=\box78

(/usr/local/texlive/2026/texmf-dist/tex/latex/tcolorbox/tcbraster.code.tex
Library (tcolorbox): 'tcbraster.code.tex' version '6.9.0'
\c@tcbrastercolumn=\count325
\c@tcbrasterrow=\count326
\c@tcbrasternum=\count327
\c@tcbraster=\count328
) (/usr/local/texlive/2026/texmf-dist/tex/latex/tcolorbox/tcbskins.code.tex
Library (tcolorbox): 'tcbskins.code.tex' version '6.9.0'
(/usr/local/texlive/2026/texmf-dist/tex/latex/tikzfill/tikzfill.image.sty
Package: tikzfill.image 2023/08/08 v1.0.1 Image filling library for TikZ

(/usr/local/texlive/2026/texmf-dist/tex/latex/tikzfill/tikzfill-common.sty
Package: tikzfill-common 2023/08/08 v1.0.1 Auxiliary code for tikzfill
)
(/usr/local/texlive/2026/texmf-dist/tex/latex/tikzfill/tikzlibraryfill.image.co
de.tex
File: tikzlibraryfill.image.code.tex 2023/08/08 v1.0.1 Image filling library
\l__tikzfill_img_box=\box79
))
(/usr/local/texlive/2026/texmf-dist/tex/latex/tcolorbox/tcbskinsjigsaw.code.tex
Library (tcolorbox): 'tcbskinsjigsaw.code.tex' version '6.9.0'
))
(/usr/local/texlive/2026/texmf-dist/tex/latex/tcolorbox/tcbbreakable.code.tex
Library (tcolorbox): 'tcbbreakable.code.tex' version '6.9.0'
(/usr/local/texlive/2026/texmf-dist/tex/latex/pdfcol/pdfcol.sty
Package: pdfcol 2022-09-21 v1.7 Handle new color stacks for pdfTeX (HO)

(/usr/local/texlive/2026/texmf-dist/tex/generic/ltxcmds/ltxcmds.sty
Package: ltxcmds 2023-12-04 v1.26 LaTeX kernel commands for general use (HO)
)
(/usr/local/texlive/2026/texmf-dist/tex/generic/infwarerr/infwarerr.sty
Package: infwarerr 2019/12/03 v1.5 Providing info/warning/error messages (HO)
))
Package pdfcol Info: New color stack `tcb@breakable' = 1 on input line 23.
\tcb@testbox=\box80
\tcb@totalupperbox=\box81
\tcb@totallowerbox=\box82
)
(/usr/local/texlive/2026/texmf-dist/tex/latex/tcolorbox/tcbhooks.code.tex
Library (tcolorbox): 'tcbhooks.code.tex' version '6.9.0'
) (/usr/local/texlive/2026/texmf-dist/tex/latex/tcolorbox/tcbtheorems.code.tex
Library (tcolorbox): 'tcbtheorems.code.tex' version '6.9.0'
) (/usr/local/texlive/2026/texmf-dist/tex/latex/tcolorbox/tcbfitting.code.tex
Library (tcolorbox): 'tcbfitting.code.tex' version '6.9.0'
\tcbfitdim=\dimen281
\tcb@lowerfitdim=\dimen282
\tcb@upperfitdim=\dimen283
\tcb@cur@hbadness=\count329
)
(/usr/local/texlive/2026/texmf-dist/tex/latex/tcolorbox/tcblistingsutf8.code.te
x
Library (tcolorbox): 'tcblistingsutf8.code.tex' version '6.9.0'
(/usr/local/texlive/2026/texmf-dist/tex/latex/tcolorbox/tcblistings.code.tex
Library (tcolorbox): 'tcblistings.code.tex' version '6.9.0'
(/usr/local/texlive/2026/texmf-dist/tex/latex/listings/listings.sty
\lst@mode=\count330
\lst@gtempboxa=\box83
\lst@token=\toks40
\lst@length=\count331
\lst@currlwidth=\dimen284
\lst@column=\count332
\lst@pos=\count333
\lst@lostspace=\dimen285
\lst@width=\dimen286
\lst@newlines=\count334
\lst@lineno=\count335
\lst@maxwidth=\dimen287

(/usr/local/texlive/2026/texmf-dist/tex/latex/listings/lstpatch.sty
File: lstpatch.sty 2025/11/14 1.11b (Carsten Heinz)
)
(/usr/local/texlive/2026/texmf-dist/tex/latex/listings/lstmisc.sty
File: lstmisc.sty 2025/11/14 1.11b (Carsten Heinz)
\c@lstnumber=\count336
\lst@skipnumbers=\count337
\lst@framebox=\box84
)
(/usr/local/texlive/2026/texmf-dist/tex/latex/listings/listings.cfg
File: listings.cfg 2025/11/14 1.11b listings configuration
))
Package: listings 2025/11/14 1.11b (Carsten Heinz)

==> First Aid for listings.sty no longer applied!
    Expected:
        2024/09/23 1.10c (Carsten Heinz)
    but found:
        2025/11/14 1.11b (Carsten Heinz)
    so I'm assuming it got fixed.

(/usr/local/texlive/2026/texmf-dist/tex/latex/tcolorbox/tcblistingscore.code.te
x
Library (tcolorbox): 'tcblistingscore.code.tex' version '6.9.0'
(/usr/local/texlive/2026/texmf-dist/tex/latex/tcolorbox/tcbprocessing.code.tex
Library (tcolorbox): 'tcbprocessing.code.tex' version '6.9.0'
)
\c@tcblisting=\count338
)) (/usr/local/texlive/2026/texmf-dist/tex/latex/listingsutf8/listingsutf8.sty
Package: listingsutf8 2019-12-10 v1.5 Allow UTF-8 in listings input (HO)
(/usr/local/texlive/2026/texmf-dist/tex/generic/pdftexcmds/pdftexcmds.sty
Package: pdftexcmds 2020-06-27 v0.33 Utility functions of pdfTeX for LuaTeX (HO
)
Package pdftexcmds Info: \pdf@primitive is available.
Package pdftexcmds Info: \pdf@ifprimitive is available.
Package pdftexcmds Info: \pdfdraftmode found.
)
(/usr/local/texlive/2026/texmf-dist/tex/generic/stringenc/stringenc.sty
Package: stringenc 2019/11/29 v1.12 Convert strings between diff. encodings (HO
)

(/usr/local/texlive/2026/texmf-dist/tex/generic/pdfescape/pdfescape.sty
Package: pdfescape 2019/12/09 v1.15 Implements pdfTeX's escape features (HO)
))))
(/usr/local/texlive/2026/texmf-dist/tex/latex/tcolorbox/tcbexternal.code.tex
Library (tcolorbox): 'tcbexternal.code.tex' version '6.9.0'
) (/usr/local/texlive/2026/texmf-dist/tex/latex/tcolorbox/tcbmagazine.code.tex
Library (tcolorbox): 'tcbmagazine.code.tex' version '6.9.0'
) (/usr/local/texlive/2026/texmf-dist/tex/latex/tcolorbox/tcbvignette.code.tex
Library (tcolorbox): 'tcbvignette.code.tex' version '6.9.0'

(/usr/local/texlive/2026/texmf-dist/tex/generic/pgf/frontendlayer/tikz/librarie
s/tikzlibraryfadings.code.tex
File: tikzlibraryfadings.code.tex 2025-08-29 v3.1.11a (3.1.11a)

(/usr/local/texlive/2026/texmf-dist/tex/generic/pgf/libraries/pgflibraryfadings
.code.tex
File: pgflibraryfadings.code.tex 2025-08-29 v3.1.11a (3.1.11a)
)))
(/usr/local/texlive/2026/texmf-dist/tex/latex/tcolorbox/tcbposter.code.tex
Library (tcolorbox): 'tcbposter.code.tex' version '6.9.0'
)) (/usr/local/texlive/2026/texmf-dist/tex/latex/float/float.sty
Package: float 2001/11/08 v1.3d Float enhancements (AL)
\c@float@type=\count339
\float@exts=\toks41
\float@box=\box85
\@float@everytoks=\toks42
\@floatcapt=\box86
)
(/usr/local/texlive/2026/texmf-dist/tex/latex/placeins/placeins.sty
Package: placeins 2005/04/18  v 2.2
)
(/usr/local/texlive/2026/texmf-dist/tex/latex/caption/subcaption.sty
Package: subcaption 2023/07/28 v1.6b Sub-captions (AR)
Package caption Info: New subtype `subfigure' on input line 238.
\c@subfigure=\count340
Package caption Info: New subtype `subtable' on input line 238.
\c@subtable=\count341
)
(/usr/local/texlive/2026/texmf-dist/tex/latex/booktabs/booktabs.sty
Package: booktabs 2020/01/12 v1.61803398 Publication quality tables
\heavyrulewidth=\dimen288
\lightrulewidth=\dimen289
\cmidrulewidth=\dimen290
\belowrulesep=\dimen291
\belowbottomsep=\dimen292
\aboverulesep=\dimen293
\abovetopsep=\dimen294
\cmidrulesep=\dimen295
\cmidrulekern=\dimen296
\defaultaddspace=\dimen297
\@cmidla=\count342
\@cmidlb=\count343
\@aboverulesep=\dimen298
\@belowrulesep=\dimen299
\@thisruleclass=\count344
\@lastruleclass=\count345
\@thisrulewidth=\dimen300
)
(/usr/local/texlive/2026/texmf-dist/tex/latex/multirow/multirow.sty
Package: multirow 2024/11/12 v2.9 Span multiple rows of a table
\multirow@colwidth=\skip73
\multirow@cntb=\count346
\multirow@dima=\skip74
\bigstrutjot=\dimen301
)
(/usr/local/texlive/2026/texmf-dist/tex/latex/adjustbox/adjustbox.sty
Package: adjustbox 2025/02/26 v1.3c Adjusting TeX boxes (trim, clip, ...)

(/usr/local/texlive/2026/texmf-dist/tex/latex/xkeyval/xkeyval.sty
Package: xkeyval 2025/11/04 v2.10 package option processing (HA)

(/usr/local/texlive/2026/texmf-dist/tex/generic/xkeyval/xkeyval.tex
(/usr/local/texlive/2026/texmf-dist/tex/generic/xkeyval/xkvutils.tex
\XKV@toks=\toks43
\XKV@tempa@toks=\toks44
\XKV@tempb@toks=\toks45
)
\XKV@depth=\count347
File: xkeyval.tex 2014/12/03 v2.7a key=value parser (HA)
))
(/usr/local/texlive/2026/texmf-dist/tex/latex/adjustbox/adjcalc.sty
Package: adjcalc 2012/05/16 v1.1 Provides advanced setlength with multiple back
-ends (calc, etex, pgfmath)
)
(/usr/local/texlive/2026/texmf-dist/tex/latex/adjustbox/trimclip.sty
Package: trimclip 2025/02/21 v1.2a Trim and clip general TeX material

(/usr/local/texlive/2026/texmf-dist/tex/latex/collectbox/collectbox.sty
Package: collectbox 2022/10/17 v0.4c Collect macro arguments as boxes
\collectedbox=\box87
)
\tc@llx=\dimen302
\tc@lly=\dimen303
\tc@urx=\dimen304
\tc@ury=\dimen305
Package trimclip Info: Using driver 'tc-pdftex.def'.

(/usr/local/texlive/2026/texmf-dist/tex/latex/adjustbox/tc-pdftex.def
File: tc-pdftex.def 2025/02/26 v2.3 Clipping driver for pdftex
))
\adjbox@Width=\dimen306
\adjbox@Height=\dimen307
\adjbox@Depth=\dimen308
\adjbox@Totalheight=\dimen309
\adjbox@pwidth=\dimen310
\adjbox@pheight=\dimen311
\adjbox@pdepth=\dimen312
\adjbox@ptotalheight=\dimen313

(/usr/local/texlive/2026/texmf-dist/tex/latex/ifoddpage/ifoddpage.sty
Package: ifoddpage 2022/10/18 v1.2 Conditionals for odd/even page detection
\c@checkoddpage=\count348
)
(/usr/local/texlive/2026/texmf-dist/tex/latex/varwidth/varwidth.sty
Package: varwidth 2009/03/30 ver 0.92;  Variable-width minipages
\@vwid@box=\box88
\sift@deathcycles=\count349
\@vwid@loff=\dimen314
\@vwid@roff=\dimen315
)
==> First Aid for varwidth.sty applied!
) (/usr/local/texlive/2026/texmf-dist/tex/latex/graphics/rotating.sty
Package: rotating 2025/01/14 v2.16e rotated objects in LaTeX

(/usr/local/texlive/2026/texmf-dist/tex/latex/base/ifthen.sty
Package: ifthen 2024/03/16 v1.1e Standard LaTeX ifthen package (DPC)
)
\c@r@tfl@t=\count350
\rotFPtop=\skip75
\rotFPbot=\skip76
\rot@float@box=\box89
\rot@mess@toks=\toks46
)
(/usr/local/texlive/2026/texmf-dist/tex/latex/hyperref/hyperref.sty
Package: hyperref 2026-01-29 v7.01p Hypertext links for LaTeX

(/usr/local/texlive/2026/texmf-dist/tex/latex/kvsetkeys/kvsetkeys.sty
Package: kvsetkeys 2022-10-05 v1.19 Key value parser (HO)
)
(/usr/local/texlive/2026/texmf-dist/tex/generic/kvdefinekeys/kvdefinekeys.sty
Package: kvdefinekeys 2019-12-19 v1.6 Define keys (HO)
)
(/usr/local/texlive/2026/texmf-dist/tex/latex/hycolor/hycolor.sty
Package: hycolor 2020-01-27 v1.10 Color options for hyperref/bookmark (HO)
)
(/usr/local/texlive/2026/texmf-dist/tex/latex/hyperref/nameref.sty
Package: nameref 2026-01-29 v2.58 Cross-referencing by name of section

(/usr/local/texlive/2026/texmf-dist/tex/latex/refcount/refcount.sty
Package: refcount 2019/12/15 v3.6 Data extraction from label references (HO)
)
(/usr/local/texlive/2026/texmf-dist/tex/generic/gettitlestring/gettitlestring.s
ty
Package: gettitlestring 2019/12/15 v1.6 Cleanup title references (HO)
 (/usr/local/texlive/2026/texmf-dist/tex/latex/kvoptions/kvoptions.sty
Package: kvoptions 2022-06-15 v3.15 Key value format for package options (HO)
))
\c@section@level=\count351
)
\@linkdim=\dimen316
\Hy@linkcounter=\count352
\Hy@pagecounter=\count353

(/usr/local/texlive/2026/texmf-dist/tex/latex/hyperref/pd1enc.def
File: pd1enc.def 2026-01-29 v7.01p Hyperref: PDFDocEncoding definition (HO)
Now handling font encoding PD1 ...
... no UTF-8 mapping file for font encoding PD1
)
(/usr/local/texlive/2026/texmf-dist/tex/generic/intcalc/intcalc.sty
Package: intcalc 2019/12/15 v1.3 Expandable calculations with integers (HO)
)
\Hy@SavedSpaceFactor=\count354

(/usr/local/texlive/2026/texmf-dist/tex/latex/hyperref/puenc.def
File: puenc.def 2026-01-29 v7.01p Hyperref: PDF Unicode definition (HO)
Now handling font encoding PU ...
... no UTF-8 mapping file for font encoding PU
)
Package hyperref Info: Hyper figures OFF on input line 4201.
Package hyperref Info: Link nesting OFF on input line 4206.
Package hyperref Info: Hyper index ON on input line 4209.
Package hyperref Info: Plain pages OFF on input line 4216.
Package hyperref Info: Backreferencing OFF on input line 4221.
Package hyperref Info: Implicit mode ON; LaTeX internals redefined.
Package hyperref Info: Bookmarks ON on input line 4468.
\c@Hy@tempcnt=\count355

(/usr/local/texlive/2026/texmf-dist/tex/latex/url/url.sty
\Urlmuskip=\muskip18
Package: url 2013/09/16  ver 3.4  Verb mode for urls, etc.
)
LaTeX Info: Redefining \url on input line 4807.
\XeTeXLinkMargin=\dimen317

(/usr/local/texlive/2026/texmf-dist/tex/generic/bitset/bitset.sty
Package: bitset 2019/12/09 v1.3 Handle bit-vector datatype (HO)

(/usr/local/texlive/2026/texmf-dist/tex/generic/bigintcalc/bigintcalc.sty
Package: bigintcalc 2019/12/15 v1.5 Expandable calculations on big integers (HO
)
))
\Fld@menulength=\count356
\Field@Width=\dimen318
\Fld@charsize=\dimen319
Package hyperref Info: Hyper figures OFF on input line 6084.
Package hyperref Info: Link nesting OFF on input line 6089.
Package hyperref Info: Hyper index ON on input line 6092.
Package hyperref Info: backreferencing OFF on input line 6099.
Package hyperref Info: Link coloring OFF on input line 6104.
Package hyperref Info: Link coloring with OCG OFF on input line 6109.
Package hyperref Info: PDF/A mode OFF on input line 6114.
\Hy@abspage=\count357
\c@Item=\count358
\c@Hfootnote=\count359
)
Package hyperref Info: Driver (autodetected): hpdftex.

(/usr/local/texlive/2026/texmf-dist/tex/latex/hyperref/hpdftex.def
File: hpdftex.def 2026-01-29 v7.01p Hyperref driver for pdfTeX
\Fld@listcount=\count360
\c@bookmark@seq@number=\count361

(/usr/local/texlive/2026/texmf-dist/tex/latex/rerunfilecheck/rerunfilecheck.sty
Package: rerunfilecheck 2025-06-21 v1.11 Rerun checks for auxiliary files (HO)

(/usr/local/texlive/2026/texmf-dist/tex/generic/uniquecounter/uniquecounter.sty
Package: uniquecounter 2019/12/15 v1.4 Provide unlimited unique counter (HO)
)
Package uniquecounter Info: New unique counter `rerunfilecheck' on input line 2
84.
)
\Hy@SectionHShift=\skip77
)
Package hyperref Info: Option `colorlinks' set `true' on input line 141.

(/usr/local/texlive/2026/texmf-dist/tex/latex/l3backend/l3backend-pdftex.def
File: l3backend-pdftex.def 2025-10-09 L3 backend support: PDF output (pdfTeX)
\l__color_backend_stack_int=\count362
)
(./abdnthesis.aux (./introduction.aux) (./background.aux)
(./literature-review.aux) (./design.aux) (./implementation.aux)
(./evaluation.aux) (./discussion.aux) (./conclusion.aux) (./appendix.aux))
\openout1 = `abdnthesis.aux'.

LaTeX Font Info:    Checking defaults for OML/cmm/m/it on input line 165.
LaTeX Font Info:    ... okay on input line 165.
LaTeX Font Info:    Checking defaults for OMS/cmsy/m/n on input line 165.
LaTeX Font Info:    ... okay on input line 165.
LaTeX Font Info:    Checking defaults for OT1/cmr/m/n on input line 165.
LaTeX Font Info:    ... okay on input line 165.
LaTeX Font Info:    Checking defaults for T1/cmr/m/n on input line 165.
LaTeX Font Info:    ... okay on input line 165.
LaTeX Font Info:    Checking defaults for TS1/cmr/m/n on input line 165.
LaTeX Font Info:    ... okay on input line 165.
LaTeX Font Info:    Checking defaults for OMX/cmex/m/n on input line 165.
LaTeX Font Info:    ... okay on input line 165.
LaTeX Font Info:    Checking defaults for U/cmr/m/n on input line 165.
LaTeX Font Info:    ... okay on input line 165.
LaTeX Font Info:    Checking defaults for PD1/pdf/m/n on input line 165.
LaTeX Font Info:    ... okay on input line 165.
LaTeX Font Info:    Checking defaults for PU/pdf/m/n on input line 165.
LaTeX Font Info:    ... okay on input line 165.

(/usr/local/texlive/2026/texmf-dist/tex/context/base/mkii/supp-pdf.mkii
[Loading MPS to PDF converter (version 2006.09.02).]
\scratchcounter=\count363
\scratchdimen=\dimen320
\scratchbox=\box90
\nofMPsegments=\count364
\nofMParguments=\count365
\everyMPshowfont=\toks47
\MPscratchCnt=\count366
\MPscratchDim=\dimen321
\MPnumerator=\count367
\makeMPintoPDFobject=\count368
\everyMPtoPDFconversion=\toks48
) (/usr/local/texlive/2026/texmf-dist/tex/latex/epstopdf-pkg/epstopdf-base.sty
Package: epstopdf-base 2020-01-24 v2.11 Base part for package epstopdf
Package epstopdf-base Info: Redefining graphics rule for `.eps' on input line 4
85.

(/usr/local/texlive/2026/texmf-dist/tex/latex/latexconfig/epstopdf-sys.cfg
File: epstopdf-sys.cfg 2010/07/13 v1.3 Configuration of (r)epstopdf for TeX Liv
e
))
Package caption Info: Begin \AtBeginDocument code.
Package caption Info: float package is loaded.
Package caption Info: hyperref package is loaded.
Package caption Info: listings package is loaded.
Package caption Info: rotating package is loaded.
Package caption Info: End \AtBeginDocument code.
\c@lstlisting=\count369

(/usr/local/texlive/2026/texmf-dist/tex/latex/base/inputenc.sty
Package: inputenc 2024/02/08 v1.3d Input encoding file
\inpenc@prehook=\toks49
\inpenc@posthook=\toks50
)
Package hyperref Info: Link coloring ON on input line 165.

(./abdnthesis.out) (./abdnthesis.out)
\@outlinefile=\write4
\openout4 = `abdnthesis.out'.

LaTeX Font Info:    Trying to load font information for OT1+ztmcm on input line
 170.

(/usr/local/texlive/2026/texmf-dist/tex/latex/psnfss/ot1ztmcm.fd
File: ot1ztmcm.fd 2000/01/03 Fontinst v1.801 font definitions for OT1/ztmcm.
)
LaTeX Font Info:    Trying to load font information for OML+ztmcm on input line
 170.

(/usr/local/texlive/2026/texmf-dist/tex/latex/psnfss/omlztmcm.fd
File: omlztmcm.fd 2000/01/03 Fontinst v1.801 font definitions for OML/ztmcm.
)
LaTeX Font Info:    Trying to load font information for OMS+ztmcm on input line
 170.

(/usr/local/texlive/2026/texmf-dist/tex/latex/psnfss/omsztmcm.fd
File: omsztmcm.fd 2000/01/03 Fontinst v1.801 font definitions for OMS/ztmcm.
)
LaTeX Font Info:    Trying to load font information for OMX+ztmcm on input line
 170.

(/usr/local/texlive/2026/texmf-dist/tex/latex/psnfss/omxztmcm.fd
File: omxztmcm.fd 2000/01/03 Fontinst v1.801 font definitions for OMX/ztmcm.
)
LaTeX Font Info:    Trying to load font information for OT1+ptm on input line 1
70.

(/usr/local/texlive/2026/texmf-dist/tex/latex/psnfss/ot1ptm.fd
File: ot1ptm.fd 2001/06/04 font definitions for OT1/ptm.
)
LaTeX Font Info:    Font shape `OT1/ptm/bx/n' in size <10.95> not available
(Font)              Font shape `OT1/ptm/b/n' tried instead on input line 170.
LaTeX Font Info:    Font shape `OT1/ptm/bx/n' in size <8> not available
(Font)              Font shape `OT1/ptm/b/n' tried instead on input line 170.
LaTeX Font Info:    Font shape `OT1/ptm/bx/n' in size <6> not available
(Font)              Font shape `OT1/ptm/b/n' tried instead on input line 170.
<abdnshield.pdf, id=453, 48.18pt x 65.59047pt>
File: abdnshield.pdf Graphic file (type pdf)
<use abdnshield.pdf>
Package pdftex.def Info: abdnshield.pdf  used on input line 170.
(pdftex.def)             Requested size: 56.9055pt x 77.46913pt.
 [1

{/usr/local/texlive/2026/texmf-var/fonts/map/pdftex/updmap/pdftex.map}{/usr/loc
al/texlive/2026/texmf-dist/fonts/enc/dvips/base/8r.enc} <./abdnshield.pdf>] [2

] [3

] [4

]
(./abdnthesis.toc [5

] [6])
\tf@toc=\write5
\openout5 = `abdnthesis.toc'.

 [7] (./abdnthesis.lof [8

{/usr/local/texlive/2026/texmf-dist/fonts/enc/dvips/cm-super/cm-super-t1.enc}])
\tf@lof=\write6
\openout6 = `abdnthesis.lof'.

 [9] (./abdnthesis.lot
Underfull \vbox (badness 10000) has occurred while \output is active []

 [10

]
[11])
\tf@lot=\write7
\openout7 = `abdnthesis.lot'.

 [12] [13

]
\openout2 = `introduction.aux'.

 (./introduction.tex
Chapter 1.
<figures/fig_1_0_evolution.png, id=893, 2409.0pt x 1401.235pt>
File: figures/fig_1_0_evolution.png Graphic file (type png)
<use figures/fig_1_0_evolution.png>
Package pdftex.def Info: figures/fig_1_0_evolution.png  used on input line 56.
(pdftex.def)             Requested size: 426.79134pt x 248.23453pt.
<figures/fig_1_1_fields.png, id=894, 2409.0pt x 1441.385pt>
File: figures/fig_1_1_fields.png Graphic file (type png)
<use figures/fig_1_1_fields.png>
Package pdftex.def Info: figures/fig_1_1_fields.png  used on input line 65.
(pdftex.def)             Requested size: 426.79134pt x 255.34727pt.

Underfull \vbox (badness 10000) has occurred while \output is active []

 [14


]

LaTeX Font Warning: Font shape `T1/ptm/m/scit' undefined
(Font)              using `T1/ptm/m/it' instead on input line 104.

[15 <./figures/fig_1_0_evolution.png (PNG copy)> <./figures/fig_1_1_fields.png 
(PNG copy)>]
<figures/hero/multi_fig_004_original.png, id=926, 403.9893pt x 403.9893pt>
File: figures/hero/multi_fig_004_original.png Graphic file (type png)
<use figures/hero/multi_fig_004_original.png>
Package pdftex.def Info: figures/hero/multi_fig_004_original.png  used on input
 line 130.
(pdftex.def)             Requested size: 186.5495pt x 186.54623pt.
<figures/hero/multi_fig_004_blur.png, id=927, 561.09625pt x 561.09625pt>
File: figures/hero/multi_fig_004_blur.png Graphic file (type png)
<use figures/hero/multi_fig_004_blur.png>
Package pdftex.def Info: figures/hero/multi_fig_004_blur.png  used on input lin
e 136.
(pdftex.def)             Requested size: 186.5495pt x 186.54932pt.


LaTeX Font Warning: Font shape `T1/ptm/m/scit' undefined
(Font)              using `T1/ptm/m/it' instead on input line 184.


Package fancyhdr Warning: \headheight is too small (14.0pt): 
(fancyhdr)                Make it at least 25.10403pt, for example:
(fancyhdr)                \setlength{\headheight}{25.10403pt}.
(fancyhdr)                You might also make \topmargin smaller:
(fancyhdr)                \addtolength{\topmargin}{-11.10403pt}.

[16 <./figures/hero/multi_fig_004_original.png (PNG copy)> <./figures/hero/mult
i_fig_004_blur.png (PNG copy)>] [17]
Overfull \hbox (3.36339pt too wide) in paragraph at lines 249--257
[]\T1/ptm/m/n/10.95 We re-lease
 []

) [18]
\openout2 = `background.aux'.

 (./background.tex
Chapter 2.
LaTeX Font Info:    Font shape `OT1/ptm/bx/n' in size <5> not available
(Font)              Font shape `OT1/ptm/b/n' tried instead on input line 58.
LaTeX Font Info:    Font shape `OT1/ptm/bx/n' in size <10> not available
(Font)              Font shape `OT1/ptm/b/n' tried instead on input line 82.
LaTeX Font Info:    Font shape `OT1/ptm/bx/n' in size <7.4> not available
(Font)              Font shape `OT1/ptm/b/n' tried instead on input line 82.
[19




]
LaTeX Font Info:    Font shape `OT1/ptm/bx/n' in size <9> not available
(Font)              Font shape `OT1/ptm/b/n' tried instead on input line 134.
LaTeX Font Info:    Font shape `OT1/ptm/bx/n' in size <7> not available
(Font)              Font shape `OT1/ptm/b/n' tried instead on input line 134.
<figures/qwen3vl.png, id=1077, 651.93562pt x 369.38pt>
File: figures/qwen3vl.png Graphic file (type png)
<use figures/qwen3vl.png>
Package pdftex.def Info: figures/qwen3vl.png  used on input line 171.
(pdftex.def)             Requested size: 426.79134pt x 241.82448pt.


Package fancyhdr Warning: \headheight is too small (14.0pt): 
(fancyhdr)                Make it at least 25.04929pt, for example:
(fancyhdr)                \setlength{\headheight}{25.04929pt}.
(fancyhdr)                You might also make \topmargin smaller:
(fancyhdr)                \addtolength{\topmargin}{-11.04929pt}.

[20]

Package fancyhdr Warning: \headheight is too small (14.0pt): 
(fancyhdr)                Make it at least 25.04929pt, for example:
(fancyhdr)                \setlength{\headheight}{25.04929pt}.
(fancyhdr)                You might also make \topmargin smaller:
(fancyhdr)                \addtolength{\topmargin}{-11.04929pt}.

[21 <./figures/qwen3vl.png>]
<figures/model_responses_admittance.pdf, id=1125, 664.52263pt x 404.42291pt>
File: figures/model_responses_admittance.pdf Graphic file (type pdf)
<use figures/model_responses_admittance.pdf>
Package pdftex.def Info: figures/model_responses_admittance.pdf  used on input 
line 295.
(pdftex.def)             Requested size: 405.45045pt x 246.75932pt.


Package fancyhdr Warning: \headheight is too small (14.0pt): 
(fancyhdr)                Make it at least 25.04929pt, for example:
(fancyhdr)                \setlength{\headheight}{25.04929pt}.
(fancyhdr)                You might also make \topmargin smaller:
(fancyhdr)                \addtolength{\topmargin}{-11.04929pt}.

[22 <./figures/model_responses_admittance.pdf>]) [23]
\openout2 = `literature-review.aux'.

 (./literature-review.tex
Chapter 3.

Underfull \vbox (badness 2020) has occurred while \output is active []

 [24




]
[25] [26]
<figures/polychartqa.png, id=1369, 788.9475pt x 423.08063pt>
File: figures/polychartqa.png Graphic file (type png)
<use figures/polychartqa.png>
Package pdftex.def Info: figures/polychartqa.png  used on input line 238.
(pdftex.def)             Requested size: 426.79134pt x 228.86684pt.

Underfull \vbox (badness 5592) has occurred while \output is active []

 [27 <./figures/polychartqa.png>] [28]
<figures/sharma_sycophancy.png, id=1426, 298.11375pt x 207.27437pt>
File: figures/sharma_sycophancy.png Graphic file (type png)
<use figures/sharma_sycophancy.png>
Package pdftex.def Info: figures/sharma_sycophancy.png  used on input line 334.

(pdftex.def)             Requested size: 332.89671pt x 231.47203pt.


Package fancyhdr Warning: \headheight is too small (14.0pt): 
(fancyhdr)                Make it at least 25.04929pt, for example:
(fancyhdr)                \setlength{\headheight}{25.04929pt}.
(fancyhdr)                You might also make \topmargin smaller:
(fancyhdr)                \addtolength{\topmargin}{-11.04929pt}.

[29 <./figures/sharma_sycophancy.png>]) [30] [31]
\openout2 = `design.aux'.

 (./design.tex
Chapter 4.
[32




]
<figures/ari_space.pdf, id=1528, 568.04218pt x 568.04218pt>
File: figures/ari_space.pdf Graphic file (type pdf)
<use figures/ari_space.pdf>
Package pdftex.def Info: figures/ari_space.pdf  used on input line 72.
(pdftex.def)             Requested size: 234.73653pt x 234.73633pt.
<figures/ari_probes.pdf, id=1529, 891.37816pt x 1021.31967pt>
File: figures/ari_probes.pdf Graphic file (type pdf)
<use figures/ari_probes.pdf>
Package pdftex.def Info: figures/ari_probes.pdf  used on input line 90.
(pdftex.def)             Requested size: 426.79134pt x 488.99673pt.

Overfull \hbox (7.20001pt too wide) in paragraph at lines 90--113
 [][] 
 []

[33 <./figures/ari_space.pdf>] [34 <./figures/ari_probes.pdf>] [35]
<figures/dataset_pipeline_v2.pdf, id=1845, 397.32097pt x 203.80139pt>
File: figures/dataset_pipeline_v2.pdf Graphic file (type pdf)
<use figures/dataset_pipeline_v2.pdf>
Package pdftex.def Info: figures/dataset_pipeline_v2.pdf  used on input line 25
3.
(pdftex.def)             Requested size: 239.0021pt x 122.59274pt.
<figures/corpus_composition_v2.pdf, id=1846, 252.45537pt x 243.27827pt>
File: figures/corpus_composition_v2.pdf Graphic file (type pdf)
<use figures/corpus_composition_v2.pdf>
Package pdftex.def Info: figures/corpus_composition_v2.pdf  used on input line 
260.
(pdftex.def)             Requested size: 170.71393pt x 164.50641pt.
 [36]
<figures/probe_pipeline_v3.pdf, id=1856, 4575.0925pt x 1452.42625pt>
File: figures/probe_pipeline_v3.pdf Graphic file (type pdf)
<use figures/probe_pipeline_v3.pdf>
Package pdftex.def Info: figures/probe_pipeline_v3.pdf  used on input line 291.

(pdftex.def)             Requested size: 426.79134pt x 135.4776pt.

[37 <./figures/dataset_pipeline_v2.pdf> <./figures/corpus_composition_v2.pdf> <
./figures/probe_pipeline_v3.pdf>]
<figures/transformations_gallery.pdf, id=2083, 500.10838pt x 657.47623pt>
File: figures/transformations_gallery.pdf Graphic file (type pdf)
<use figures/transformations_gallery.pdf>
Package pdftex.def Info: figures/transformations_gallery.pdf  used on input lin
e 348.
(pdftex.def)             Requested size: 426.79134pt x 561.09464pt.

Overfull \hbox (7.20001pt too wide) in paragraph at lines 348--362
 [][] 
 []

<figures/prompt_engineering_pipeline.pdf, id=2086, 1062.97125pt x 1285.80376pt>

File: figures/prompt_engineering_pipeline.pdf Graphic file (type pdf)
<use figures/prompt_engineering_pipeline.pdf>
Package pdftex.def Info: figures/prompt_engineering_pipeline.pdf  used on input
 line 387.
(pdftex.def)             Requested size: 384.10959pt x 464.63516pt.
[38] [39 <./figures/transformations_gallery.pdf>] [40 <./figures/prompt_enginee
ring_pipeline.pdf>]
Underfull \vbox (badness 3758) has occurred while \output is active []

 [41]
<figures/label_studio.png, id=2302, 1517.67pt x 826.08624pt>
File: figures/label_studio.png Graphic file (type png)
<use figures/label_studio.png>
Package pdftex.def Info: figures/label_studio.png  used on input line 481.
(pdftex.def)             Requested size: 204.85802pt x 111.50421pt.
<figures/system_end_to_end.pdf, id=2303, 1708.3825pt x 1404.24625pt>
File: figures/system_end_to_end.pdf Graphic file (type pdf)
<use figures/system_end_to_end.pdf>
Package pdftex.def Info: figures/system_end_to_end.pdf  used on input line 488.

(pdftex.def)             Requested size: 204.84065pt x 168.37372pt.
)
[42 <./figures/label_studio.png> <./figures/system_end_to_end.pdf>]
\openout2 = `implementation.aux'.


(./implementation.tex
Chapter 5.
<figures/gptlogo.jpg, id=2380, 738.76pt x 738.76pt>
File: figures/gptlogo.jpg Graphic file (type jpg)
<use figures/gptlogo.jpg>
Package pdftex.def Info: figures/gptlogo.jpg  used on input line 76.
(pdftex.def)             Requested size: 7.99223pt x 8.0pt.
<figures/geminilogo.png, id=2381, 1178.4025pt x 1178.4025pt>
File: figures/geminilogo.png Graphic file (type png)
<use figures/geminilogo.png>
Package pdftex.def Info: figures/geminilogo.png  used on input line 78.
(pdftex.def)             Requested size: 7.98354pt x 8.0pt.
<figures/claudelogo.png, id=2382, 513.92pt x 513.92pt>
File: figures/claudelogo.png Graphic file (type png)
<use figures/claudelogo.png>
Package pdftex.def Info: figures/claudelogo.png  used on input line 80.
(pdftex.def)             Requested size: 7.99861pt x 8.0pt.
<figures/qwenlogo.png, id=2383, 3854.4pt x 3854.4pt>
File: figures/qwenlogo.png Graphic file (type png)
<use figures/qwenlogo.png>
Package pdftex.def Info: figures/qwenlogo.png  used on input line 83.
(pdftex.def)             Requested size: 7.99861pt x 8.0pt.
<figures/llama4logo.png, id=2384, 501.875pt x 501.875pt>
File: figures/llama4logo.png Graphic file (type png)
<use figures/llama4logo.png>
Package pdftex.def Info: figures/llama4logo.png  used on input line 89.
(pdftex.def)             Requested size: 7.99493pt x 8.0pt.
<figures/gemmalogo.png, id=2385, 642.4pt x 642.4pt>
File: figures/gemmalogo.png Graphic file (type png)
<use figures/gemmalogo.png>
Package pdftex.def Info: figures/gemmalogo.png  used on input line 93.
(pdftex.def)             Requested size: 7.99861pt x 8.0pt.
<figures/philogo.png, id=2386, 501.875pt x 501.875pt>
File: figures/philogo.png Graphic file (type png)
<use figures/philogo.png>
Package pdftex.def Info: figures/philogo.png  used on input line 98.
(pdftex.def)             Requested size: 7.99493pt x 8.0pt.
[43




]
<figures/german_fig_023_original.png, id=2415, 867.84225pt x 335.45325pt>
File: figures/german_fig_023_original.png Graphic file (type png)
<use figures/german_fig_023_original.png>
Package pdftex.def Info: figures/german_fig_023_original.png  used on input lin
e 162.
(pdftex.def)             Requested size: 234.73653pt x 90.73225pt.

Underfull \hbox (badness 1509) in paragraph at lines 176--180
\T1/ptm/m/it/6 senschaftliche Balk-endi-a-gramme zu beschreiben.
 []


Underfull \hbox (badness 4316) in paragraph at lines 176--180
\T1/ptm/m/it/6 Ihr Ziel ist es, das Dargestellte ob-jek-tiv zu
 []

[44 <./figures/gptlogo.jpg> <./figures/geminilogo.png> <./figures/claudelogo.pn
g> <./figures/qwenlogo.png> <./figures/llama4logo.png> <./figures/gemmalogo.png
> <./figures/philogo.png>]
<figures/german_fig_023_noise.png, id=2428, 1446.40375pt x 559.08875pt>
File: figures/german_fig_023_noise.png Graphic file (type png)
<use figures/german_fig_023_noise.png>
Package pdftex.def Info: figures/german_fig_023_noise.png  used on input line 2
70.
(pdftex.def)             Requested size: 128.0387pt x 49.4883pt.
<figures/german_fig_023_rotation.png, id=2429, 1532.72626pt x 1207.51125pt>
File: figures/german_fig_023_rotation.png Graphic file (type png)
<use figures/german_fig_023_rotation.png>
Package pdftex.def Info: figures/german_fig_023_rotation.png  used on input lin
e 275.
(pdftex.def)             Requested size: 128.0387pt x 100.85907pt.
<figures/german_fig_023_original_in_paper.jpeg, id=2430, 701.62125pt x 906.3862
5pt>
File: figures/german_fig_023_original_in_paper.jpeg Graphic file (type jpg)
<use figures/german_fig_023_original_in_paper.jpeg>
Package pdftex.def Info: figures/german_fig_023_original_in_paper.jpeg  used on
 input line 280.
(pdftex.def)             Requested size: 128.0387pt x 165.39682pt.
 [45 <./figures/german_fig_023_original.png>]
<figures/german_fig_023_axis_blurred.png, id=2441, 1446.40375pt x 559.08875pt>
File: figures/german_fig_023_axis_blurred.png Graphic file (type png)
<use figures/german_fig_023_axis_blurred.png>
Package pdftex.def Info: figures/german_fig_023_axis_blurred.png  used on input
 line 309.
(pdftex.def)             Requested size: 162.18279pt x 62.68576pt.
<figures/german_fig_023_selective_blur.png, id=2442, 1446.40375pt x 559.08875pt
>
File: figures/german_fig_023_selective_blur.png Graphic file (type png)
<use figures/german_fig_023_selective_blur.png>
Package pdftex.def Info: figures/german_fig_023_selective_blur.png  used on inp
ut line 314.
(pdftex.def)             Requested size: 162.18279pt x 62.68576pt.

Underfull \vbox (badness 2088) has occurred while \output is active []

 [46 <./figures/german_fig_023_noise.png> <./figures/german_fig_023_rotation.pn
g> <./figures/german_fig_023_original_in_paper.jpeg> <./figures/german_fig_023_
axis_blurred.png> <./figures/german_fig_023_selective_blur.png>]

LaTeX Font Warning: Font shape `T1/cmss/m/n' in size <5.5> not available
(Font)              size <5> substituted on input line 478.


LaTeX Font Warning: Font shape `T1/cmss/bx/n' in size <5.5> not available
(Font)              size <5> substituted on input line 478.

LaTeX Font Info:    Calculating math sizes for size <5.5> on input line 478.
LaTeX Font Info:    Font shape `OT1/ptm/bx/n' in size <5.5> not available
(Font)              Font shape `OT1/ptm/b/n' tried instead on input line 478.
LaTeX Font Info:    Font shape `OT1/ptm/bx/n' in size <4.07002> not available
(Font)              Font shape `OT1/ptm/b/n' tried instead on input line 478.
LaTeX Font Info:    Font shape `OT1/ptm/bx/n' in size <3.30003> not available
(Font)              Font shape `OT1/ptm/b/n' tried instead on input line 478.

Underfull \hbox (badness 10000) in paragraph at lines 548--548
[]|\T1/ptm/m/it/8 Die Gemein-den tra-gen durchge-hend den
 []


Underfull \hbox (badness 10000) in paragraph at lines 548--548
[]|\T1/ptm/m/it/8 Verwendet das linke Di-a-gramm gestapelte
 []


Underfull \hbox (badness 4518) in paragraph at lines 548--548
[]|\T1/ptm/m/it/8 Welche Regierungsebene bildet den un-teren
 []


Underfull \hbox (badness 2617) in paragraph at lines 548--548
[]|\T1/ptm/m/n/8 (inferable blur el-e-ments; see Ap-pendix Ta-
 []

<figures/english_fig_171_original.png, id=2462, 400.3758pt x 328.1058pt>
File: figures/english_fig_171_original.png Graphic file (type png)
<use figures/english_fig_171_original.png>
Package pdftex.def Info: figures/english_fig_171_original.png  used on input li
ne 555.
(pdftex.def)             Requested size: 128.0387pt x 104.93091pt.
<figures/english_fig_171_selective_blur.png, id=2463, 556.0775pt x 455.7025pt>
File: figures/english_fig_171_selective_blur.png Graphic file (type png)
<use figures/english_fig_171_selective_blur.png>
Package pdftex.def Info: figures/english_fig_171_selective_blur.png  used on in
put line 560.
(pdftex.def)             Requested size: 128.0387pt x 104.92757pt.
) [47] [48 <./figures/english_fig_171_original.png (PNG copy)> <./figures/engli
sh_fig_171_selective_blur.png (PNG copy)>]
\openout2 = `evaluation.aux'.

 (./evaluation.tex
Chapter 6.
<figures/rq1/heatmap_model_lang.pdf, id=2481, 390.08182pt x 322.86069pt>
File: figures/rq1/heatmap_model_lang.pdf Graphic file (type pdf)
<use figures/rq1/heatmap_model_lang.pdf>
Package pdftex.def Info: figures/rq1/heatmap_model_lang.pdf  used on input line
 138.
(pdftex.def)             Requested size: 221.9333pt x 183.68765pt.
<figures/rq1/error_stacked.pdf, id=2482, 394.19583pt x 256.41699pt>
File: figures/rq1/error_stacked.pdf Graphic file (type pdf)
<use figures/rq1/error_stacked.pdf>
Package pdftex.def Info: figures/rq1/error_stacked.pdf  used on input line 145.

(pdftex.def)             Requested size: 196.32687pt x 127.70735pt.
[49




]
<figures/rq1/scatter_human_judge.pdf, id=2492, 632.39424pt x 247.87746pt>
File: figures/rq1/scatter_human_judge.pdf Graphic file (type pdf)
<use figures/rq1/scatter_human_judge.pdf>
Package pdftex.def Info: figures/rq1/scatter_human_judge.pdf  used on input lin
e 171.
(pdftex.def)             Requested size: 426.79134pt x 167.29114pt.
 [50]
Underfull \vbox (badness 2443) has occurred while \output is active []

 [51 <./figures/rq1/heatmap_model_lang.pdf> <./figures/rq1/error_stacked.pdf> <
./figures/rq1/scatter_human_judge.pdf>]
<figures/rq2/degradation_slope.pdf, id=2712, 502.28278pt x 322.49344pt>
File: figures/rq2/degradation_slope.pdf Graphic file (type pdf)
<use figures/rq2/degradation_slope.pdf>
Package pdftex.def Info: figures/rq2/degradation_slope.pdf  used on input line 
255.
(pdftex.def)             Requested size: 362.77524pt x 232.91846pt.
 [52] [53 <./figures/rq2/degradation_slope.pdf>]
<figures/rq3/capability_grouped_bar.pdf, id=2834, 502.37186pt x 287.59879pt>
File: figures/rq3/capability_grouped_bar.pdf Graphic file (type pdf)
<use figures/rq3/capability_grouped_bar.pdf>
Package pdftex.def Info: figures/rq3/capability_grouped_bar.pdf  used on input 
line 325.
(pdftex.def)             Requested size: 341.43436pt x 195.47243pt.

[54 <./figures/rq3/capability_grouped_bar.pdf>]
<figures/rq4/ari_dotstrip.pdf, id=2906, 538.73586pt x 300.83768pt>
File: figures/rq4/ari_dotstrip.pdf Graphic file (type pdf)
<use figures/rq4/ari_dotstrip.pdf>
Package pdftex.def Info: figures/rq4/ari_dotstrip.pdf  used on input line 384.
(pdftex.def)             Requested size: 426.79134pt x 238.32935pt.
 [55]) [56 <./figures/rq4/ari_dotstrip.pdf>]
\openout2 = `discussion.aux'.

 (./discussion.tex
Chapter 7.
<figures/discussion/rank_flow.pdf, id=3001, 424.21469pt x 392.57661pt>
File: figures/discussion/rank_flow.pdf Graphic file (type pdf)
<use figures/discussion/rank_flow.pdf>
Package pdftex.def Info: figures/discussion/rank_flow.pdf  used on input line 9
.
(pdftex.def)             Requested size: 298.75262pt x 276.485pt.
<figures/discussion/ari_scatter.pdf, id=3002, 394.13876pt x 358.60161pt>
File: figures/discussion/ari_scatter.pdf Graphic file (type pdf)
<use figures/discussion/ari_scatter.pdf>
Package pdftex.def Info: figures/discussion/ari_scatter.pdf  used on input line
 16.
(pdftex.def)             Requested size: 277.41176pt x 252.40378pt.
[57




] [58 <./figures/discussion/rank_flow.pdf>] [59 <./figures/discussion/ari_scatt
er.pdf>] [60]) [61]
\openout2 = `conclusion.aux'.

 (./conclusion.tex
Chapter 8.
[62




] [63]) [64] (./abdnthesis.bbl
Underfull \hbox (badness 2564) in paragraph at lines 45--50
[]\T1/ptm/m/n/10.95 Anthropic (2026c).  How sci-en-tists are us-ing Claude to a
c-cel-er-ate re-search and dis-
 []


Underfull \hbox (badness 5345) in paragraph at lines 45--50
\T1/ptm/m/n/10.95 cov-ery.  An-thropic news, 15 Jan-uary 2026. [][]$\T1/cmtt/m/
n/10.95 https : / / www . anthropic . com / news /
 []


Underfull \hbox (badness 3108) in paragraph at lines 71--74
[]\T1/ptm/m/n/10.95 Chameleon Team (2024).  Chameleon: Mixed-modal early-fusion
 foun-da-tion mod-els.
 []


Underfull \vbox (badness 10000) has occurred while \output is active []

 [65



]
Underfull \hbox (badness 1297) in paragraph at lines 134--137
[]\T1/ptm/m/n/10.95 Gemma Team, Google Deep-Mind (2025).  Gemma 3 tech-ni-cal r
e-port.  arXiv preprint
 []


Underfull \hbox (badness 7759) in paragraph at lines 144--148
[]\T1/ptm/m/n/10.95 Google (2024).  Try deep re-search and our new ex-per-i-men
-tal model in Gem-
 []


Underfull \hbox (badness 3439) in paragraph at lines 144--148
\T1/ptm/m/n/10.95 ini.  Google blog, 11 De-cem-ber 2024. [][]$\T1/cmtt/m/n/10.9
5 https : / / blog . google / products / gemini /
 []


Underfull \vbox (badness 10000) has occurred while \output is active []

 [66]
Underfull \vbox (badness 10000) has occurred while \output is active []

 [67]
Underfull \hbox (badness 1184) in paragraph at lines 331--336
[]\T1/ptm/m/n/10.95 Meta AI (2025).  The Llama 4 herd: The be-gin-ning of a new
 era of na-tively mul-ti-
 []


Underfull \vbox (badness 10000) has occurred while \output is active []

 [68]
Underfull \vbox (badness 10000) has occurred while \output is active []

 [69])
[70]
\openout2 = `appendix.aux'.

 (./appendix.tex
Appendix A.

Underfull \hbox (badness 5147) in paragraph at lines 26--26
[]|\T1/ptm/m/n/8 Purpose, axes (cat-e-gory vs
 []

\g__tcobox_out_iow=\write8
\openout8 = `abdnthesis.listing'.


LaTeX Font Warning: Font shape `T1/cmss/m/n' in size <6.5> not available
(Font)              size <6> substituted on input line 45.


LaTeX Font Warning: Font shape `T1/cmss/bx/n' in size <6.5> not available
(Font)              size <6> substituted on input line 45.

(./abdnthesis.listing
LaTeX Font Info:    Font shape `T1/cmtt/bx/n' in size <6> not available
(Font)              Font shape `T1/cmtt/m/n' tried instead on input line 1.
)
\openout8 = `abdnthesis.listing'.

 (./abdnthesis.listing)
\openout8 = `abdnthesis.listing'.

 (./abdnthesis.listing)
\openout8 = `abdnthesis.listing'.


(./abdnthesis.listing) [71


]
\openout8 = `abdnthesis.listing'.

 (./abdnthesis.listing)
\openout8 = `abdnthesis.listing'.

 (./abdnthesis.listing)
\openout8 = `abdnthesis.listing'.


(./abdnthesis.listing)

Package caption Warning: The option `hypcap=true' will be ignored for this
(caption)                particular \caption on input line 128.
See the caption package documentation for explanation.


Package caption Warning: The option `hypcap=true' will be ignored for this
(caption)                particular \caption on input line 151.
See the caption package documentation for explanation.

[72]
Underfull \hbox (badness 2556) in paragraph at lines 203--204
[]|\T1/ptm/m/n/8 Describes blurred el-e-ment
 []


Underfull \hbox (badness 2529) in paragraph at lines 207--207
[]|\T1/ptm/m/n/8 Rejects ques-tions as-sert-ing false
 []


Underfull \hbox (badness 7012) in paragraph at lines 208--208
[]|\T1/ptm/m/n/8 ``There is no con-fi-dence
 []


Underfull \hbox (badness 1803) in paragraph at lines 208--209
[]|\T1/ptm/m/n/8 Describes the non-existent
 []


Underfull \hbox (badness 3240) in paragraph at lines 209--210
[]|\T1/ptm/m/n/8 Provides a spe-cific fab-ri-
 []


Underfull \hbox (badness 3792) in paragraph at lines 212--212
[]|\T1/ptm/m/n/8 Correct rea-son-ing, re-jects
 []


Underfull \hbox (badness 1448) in paragraph at lines 213--213
[]|\T1/ptm/m/n/8 Correctly in-fers from sur-
 []


Underfull \hbox (badness 1117) in paragraph at lines 213--214
[]|\T1/ptm/m/n/8 Fabricates wrong value or
 []

<figures/ex_comp.png, id=3395, 1932.21875pt x 1421.31pt>
File: figures/ex_comp.png Graphic file (type png)
<use figures/ex_comp.png>
Package pdftex.def Info: figures/ex_comp.png  used on input line 229.
(pdftex.def)             Requested size: 85.35826pt x 62.78506pt.

! LaTeX Error: Unicode character К (U+041A)
               not set up for use with LaTeX.

See the LaTeX manual or LaTeX Companion for explanation.
Type  H <return>  for immediate help.
 ...                                              
                                                  
l.233 ...а Жилищни от 2019 до 2021?''}
                                                   \newline
You may provide a definition with
\DeclareUnicodeCharacter 


! LaTeX Error: Unicode character о (U+043E)
               not set up for use with LaTeX.

See the LaTeX manual or LaTeX Companion for explanation.
Type  H <return>  for immediate help.
 ...                                              
                                                  
l.233 ...а Жилищни от 2019 до 2021?''}
                                                   \newline
You may provide a definition with
\DeclareUnicodeCharacter 


! LaTeX Error: Unicode character л (U+043B)
               not set up for use with LaTeX.

See the LaTeX manual or LaTeX Companion for explanation.
Type  H <return>  for immediate help.
 ...                                              
                                                  
l.233 ...а Жилищни от 2019 до 2021?''}
                                                   \newline
You may provide a definition with
\DeclareUnicodeCharacter 


! LaTeX Error: Unicode character к (U+043A)
               not set up for use with LaTeX.

See the LaTeX manual or LaTeX Companion for explanation.
Type  H <return>  for immediate help.
 ...                                              
                                                  
l.233 ...а Жилищни от 2019 до 2021?''}
                                                   \newline
You may provide a definition with
\DeclareUnicodeCharacter 


! LaTeX Error: Unicode character о (U+043E)
               not set up for use with LaTeX.

See the LaTeX manual or LaTeX Companion for explanation.
Type  H <return>  for immediate help.
 ...                                              
                                                  
l.233 ...а Жилищни от 2019 до 2021?''}
                                                   \newline
You may provide a definition with
\DeclareUnicodeCharacter 


! LaTeX Error: Unicode character е (U+0435)
               not set up for use with LaTeX.

See the LaTeX manual or LaTeX Companion for explanation.
Type  H <return>  for immediate help.
 ...                                              
                                                  
l.233 ...а Жилищни от 2019 до 2021?''}
                                                   \newline
You may provide a definition with
\DeclareUnicodeCharacter 


! LaTeX Error: Unicode character п (U+043F)
               not set up for use with LaTeX.

See the LaTeX manual or LaTeX Companion for explanation.
Type  H <return>  for immediate help.
 ...                                              
                                                  
l.233 ...а Жилищни от 2019 до 2021?''}
                                                   \newline
You may provide a definition with
\DeclareUnicodeCharacter 


! LaTeX Error: Unicode character р (U+0440)
               not set up for use with LaTeX.

See the LaTeX manual or LaTeX Companion for explanation.
Type  H <return>  for immediate help.
 ...                                              
                                                  
l.233 ...а Жилищни от 2019 до 2021?''}
                                                   \newline
You may provide a definition with
\DeclareUnicodeCharacter 


! LaTeX Error: Unicode character о (U+043E)
               not set up for use with LaTeX.

See the LaTeX manual or LaTeX Companion for explanation.
Type  H <return>  for immediate help.
 ...                                              
                                                  
l.233 ...а Жилищни от 2019 до 2021?''}
                                                   \newline
You may provide a definition with
\DeclareUnicodeCharacter 


! LaTeX Error: Unicode character ц (U+0446)
               not set up for use with LaTeX.

See the LaTeX manual or LaTeX Companion for explanation.
Type  H <return>  for immediate help.
 ...                                              
                                                  
l.233 ...а Жилищни от 2019 до 2021?''}
                                                   \newline
You may provide a definition with
\DeclareUnicodeCharacter 


! LaTeX Error: Unicode character е (U+0435)
               not set up for use with LaTeX.

See the LaTeX manual or LaTeX Companion for explanation.
Type  H <return>  for immediate help.
 ...                                              
                                                  
l.233 ...а Жилищни от 2019 до 2021?''}
                                                   \newline
You may provide a definition with
\DeclareUnicodeCharacter 


! LaTeX Error: Unicode character н (U+043D)
               not set up for use with LaTeX.

See the LaTeX manual or LaTeX Companion for explanation.
Type  H <return>  for immediate help.
 ...                                              
                                                  
l.233 ...а Жилищни от 2019 до 2021?''}
                                                   \newline
You may provide a definition with
\DeclareUnicodeCharacter 


! LaTeX Error: Unicode character т (U+0442)
               not set up for use with LaTeX.

See the LaTeX manual or LaTeX Companion for explanation.
Type  H <return>  for immediate help.
 ...                                              
                                                  
l.233 ...а Жилищни от 2019 до 2021?''}
                                                   \newline
You may provide a definition with
\DeclareUnicodeCharacter 


! LaTeX Error: Unicode character н (U+043D)
               not set up for use with LaTeX.

See the LaTeX manual or LaTeX Companion for explanation.
Type  H <return>  for immediate help.
 ...                                              
                                                  
l.233 ...а Жилищни от 2019 до 2021?''}
                                                   \newline
You may provide a definition with
\DeclareUnicodeCharacter 


! LaTeX Error: Unicode character о (U+043E)
               not set up for use with LaTeX.

See the LaTeX manual or LaTeX Companion for explanation.
Type  H <return>  for immediate help.
 ...                                              
                                                  
l.233 ...а Жилищни от 2019 до 2021?''}
                                                   \newline
You may provide a definition with
\DeclareUnicodeCharacter 


! LaTeX Error: Unicode character т (U+0442)
               not set up for use with LaTeX.

See the LaTeX manual or LaTeX Companion for explanation.
Type  H <return>  for immediate help.
 ...                                              
                                                  
l.233 ...а Жилищни от 2019 до 2021?''}
                                                   \newline
You may provide a definition with
\DeclareUnicodeCharacter 


! LaTeX Error: Unicode character о (U+043E)
               not set up for use with LaTeX.

See the LaTeX manual or LaTeX Companion for explanation.
Type  H <return>  for immediate help.
 ...                                              
                                                  
l.233 ...а Жилищни от 2019 до 2021?''}
                                                   \newline
You may provide a definition with
\DeclareUnicodeCharacter 


! LaTeX Error: Unicode character у (U+0443)
               not set up for use with LaTeX.

See the LaTeX manual or LaTeX Companion for explanation.
Type  H <return>  for immediate help.
 ...                                              
                                                  
l.233 ...а Жилищни от 2019 до 2021?''}
                                                   \newline
You may provide a definition with
\DeclareUnicodeCharacter 


! LaTeX Error: Unicode character в (U+0432)
               not set up for use with LaTeX.

See the LaTeX manual or LaTeX Companion for explanation.
Type  H <return>  for immediate help.
 ...                                              
                                                  
l.233 ...а Жилищни от 2019 до 2021?''}
                                                   \newline
You may provide a definition with
\DeclareUnicodeCharacter 


! LaTeX Error: Unicode character е (U+0435)
               not set up for use with LaTeX.

See the LaTeX manual or LaTeX Companion for explanation.
Type  H <return>  for immediate help.
 ...                                              
                                                  
l.233 ...а Жилищни от 2019 до 2021?''}
                                                   \newline
You may provide a definition with
\DeclareUnicodeCharacter 


! LaTeX Error: Unicode character л (U+043B)
               not set up for use with LaTeX.

See the LaTeX manual or LaTeX Companion for explanation.
Type  H <return>  for immediate help.
 ...                                              
                                                  
l.233 ...а Жилищни от 2019 до 2021?''}
                                                   \newline
You may provide a definition with
\DeclareUnicodeCharacter 


! LaTeX Error: Unicode character и (U+0438)
               not set up for use with LaTeX.

See the LaTeX manual or LaTeX Companion for explanation.
Type  H <return>  for immediate help.
 ...                                              
                                                  
l.233 ...а Жилищни от 2019 до 2021?''}
                                                   \newline
You may provide a definition with
\DeclareUnicodeCharacter 


! LaTeX Error: Unicode character ч (U+0447)
               not set up for use with LaTeX.

See the LaTeX manual or LaTeX Companion for explanation.
Type  H <return>  for immediate help.
 ...                                              
                                                  
l.233 ...а Жилищни от 2019 до 2021?''}
                                                   \newline
You may provide a definition with
\DeclareUnicodeCharacter 


! LaTeX Error: Unicode character е (U+0435)
               not set up for use with LaTeX.

See the LaTeX manual or LaTeX Companion for explanation.
Type  H <return>  for immediate help.
 ...                                              
                                                  
l.233 ...а Жилищни от 2019 до 2021?''}
                                                   \newline
You may provide a definition with
\DeclareUnicodeCharacter 


! LaTeX Error: Unicode character н (U+043D)
               not set up for use with LaTeX.

See the LaTeX manual or LaTeX Companion for explanation.
Type  H <return>  for immediate help.
 ...                                              
                                                  
l.233 ...а Жилищни от 2019 до 2021?''}
                                                   \newline
You may provide a definition with
\DeclareUnicodeCharacter 


! LaTeX Error: Unicode character и (U+0438)
               not set up for use with LaTeX.

See the LaTeX manual or LaTeX Companion for explanation.
Type  H <return>  for immediate help.
 ...                                              
                                                  
l.233 ...а Жилищни от 2019 до 2021?''}
                                                   \newline
You may provide a definition with
\DeclareUnicodeCharacter 


! LaTeX Error: Unicode character е (U+0435)
               not set up for use with LaTeX.

See the LaTeX manual or LaTeX Companion for explanation.
Type  H <return>  for immediate help.
 ...                                              
                                                  
l.233 ...а Жилищни от 2019 до 2021?''}
                                                   \newline
You may provide a definition with
\DeclareUnicodeCharacter 


! LaTeX Error: Unicode character н (U+043D)
               not set up for use with LaTeX.

See the LaTeX manual or LaTeX Companion for explanation.
Type  H <return>  for immediate help.
 ...                                              
                                                  
l.233 ...а Жилищни от 2019 до 2021?''}
                                                   \newline
You may provide a definition with
\DeclareUnicodeCharacter 


! LaTeX Error: Unicode character а (U+0430)
               not set up for use with LaTeX.

See the LaTeX manual or LaTeX Companion for explanation.
Type  H <return>  for immediate help.
 ...                                              
                                                  
l.233 ...а Жилищни от 2019 до 2021?''}
                                                   \newline
You may provide a definition with
\DeclareUnicodeCharacter 


! LaTeX Error: Unicode character Ж (U+0416)
               not set up for use with LaTeX.

See the LaTeX manual or LaTeX Companion for explanation.
Type  H <return>  for immediate help.
 ...                                              
                                                  
l.233 ...а Жилищни от 2019 до 2021?''}
                                                   \newline
You may provide a definition with
\DeclareUnicodeCharacter 


! LaTeX Error: Unicode character и (U+0438)
               not set up for use with LaTeX.

See the LaTeX manual or LaTeX Companion for explanation.
Type  H <return>  for immediate help.
 ...                                              
                                                  
l.233 ...а Жилищни от 2019 до 2021?''}
                                                   \newline
You may provide a definition with
\DeclareUnicodeCharacter 


! LaTeX Error: Unicode character л (U+043B)
               not set up for use with LaTeX.

See the LaTeX manual or LaTeX Companion for explanation.
Type  H <return>  for immediate help.
 ...                                              
                                                  
l.233 ...а Жилищни от 2019 до 2021?''}
                                                   \newline
You may provide a definition with
\DeclareUnicodeCharacter 


! LaTeX Error: Unicode character и (U+0438)
               not set up for use with LaTeX.

See the LaTeX manual or LaTeX Companion for explanation.
Type  H <return>  for immediate help.
 ...                                              
                                                  
l.233 ...а Жилищни от 2019 до 2021?''}
                                                   \newline
You may provide a definition with
\DeclareUnicodeCharacter 


! LaTeX Error: Unicode character щ (U+0449)
               not set up for use with LaTeX.

See the LaTeX manual or LaTeX Companion for explanation.
Type  H <return>  for immediate help.
 ...                                              
                                                  
l.233 ...а Жилищни от 2019 до 2021?''}
                                                   \newline
You may provide a definition with
\DeclareUnicodeCharacter 


! LaTeX Error: Unicode character н (U+043D)
               not set up for use with LaTeX.

See the LaTeX manual or LaTeX Companion for explanation.
Type  H <return>  for immediate help.
 ...                                              
                                                  
l.233 ...а Жилищни от 2019 до 2021?''}
                                                   \newline
You may provide a definition with
\DeclareUnicodeCharacter 


! LaTeX Error: Unicode character и (U+0438)
               not set up for use with LaTeX.

See the LaTeX manual or LaTeX Companion for explanation.
Type  H <return>  for immediate help.
 ...                                              
                                                  
l.233 ...а Жилищни от 2019 до 2021?''}
                                                   \newline
You may provide a definition with
\DeclareUnicodeCharacter 


! LaTeX Error: Unicode character о (U+043E)
               not set up for use with LaTeX.

See the LaTeX manual or LaTeX Companion for explanation.
Type  H <return>  for immediate help.
 ...                                              
                                                  
l.233 ...а Жилищни от 2019 до 2021?''}
                                                   \newline
You may provide a definition with
\DeclareUnicodeCharacter 


! LaTeX Error: Unicode character т (U+0442)
               not set up for use with LaTeX.

See the LaTeX manual or LaTeX Companion for explanation.
Type  H <return>  for immediate help.
 ...                                              
                                                  
l.233 ...а Жилищни от 2019 до 2021?''}
                                                   \newline
You may provide a definition with
\DeclareUnicodeCharacter 


! LaTeX Error: Unicode character д (U+0434)
               not set up for use with LaTeX.

See the LaTeX manual or LaTeX Companion for explanation.
Type  H <return>  for immediate help.
 ...                                              
                                                  
l.233 ...а Жилищни от 2019 до 2021?''}
                                                   \newline
You may provide a definition with
\DeclareUnicodeCharacter 


! LaTeX Error: Unicode character о (U+043E)
               not set up for use with LaTeX.

See the LaTeX manual or LaTeX Companion for explanation.
Type  H <return>  for immediate help.
 ...                                              
                                                  
l.233 ...а Жилищни от 2019 до 2021?''}
                                                   \newline
You may provide a definition with
\DeclareUnicodeCharacter 


! LaTeX Error: Unicode character 每 (U+6BCF)
               not set up for use with LaTeX.

See the LaTeX manual or LaTeX Companion for explanation.
Type  H <return>  for immediate help.
 ...                                              
                                                  
l.235 ...��值之间的差距大约是多少？''}
                                                   \newline
You may provide a definition with
\DeclareUnicodeCharacter 


! LaTeX Error: Unicode character 日 (U+65E5)
               not set up for use with LaTeX.

See the LaTeX manual or LaTeX Companion for explanation.
Type  H <return>  for immediate help.
 ...                                              
                                                  
l.235 ...��值之间的差距大约是多少？''}
                                                   \newline
You may provide a definition with
\DeclareUnicodeCharacter 


! LaTeX Error: Unicode character 新 (U+65B0)
               not set up for use with LaTeX.

See the LaTeX manual or LaTeX Companion for explanation.
Type  H <return>  for immediate help.
 ...                                              
                                                  
l.235 ...��值之间的差距大约是多少？''}
                                                   \newline
You may provide a definition with
\DeclareUnicodeCharacter 


! LaTeX Error: Unicode character 增 (U+589E)
               not set up for use with LaTeX.

See the LaTeX manual or LaTeX Companion for explanation.
Type  H <return>  for immediate help.
 ...                                              
                                                  
l.235 ...��值之间的差距大约是多少？''}
                                                   \newline
You may provide a definition with
\DeclareUnicodeCharacter 


! LaTeX Error: Unicode character 确 (U+786E)
               not set up for use with LaTeX.

See the LaTeX manual or LaTeX Companion for explanation.
Type  H <return>  for immediate help.
 ...                                              
                                                  
l.235 ...��值之间的差距大约是多少？''}
                                                   \newline
You may provide a definition with
\DeclareUnicodeCharacter 


! LaTeX Error: Unicode character 诊 (U+8BCA)
               not set up for use with LaTeX.

See the LaTeX manual or LaTeX Companion for explanation.
Type  H <return>  for immediate help.
 ...                                              
                                                  
l.235 ...��值之间的差距大约是多少？''}
                                                   \newline
You may provide a definition with
\DeclareUnicodeCharacter 


! LaTeX Error: Unicode character 病 (U+75C5)
               not set up for use with LaTeX.

See the LaTeX manual or LaTeX Companion for explanation.
Type  H <return>  for immediate help.
 ...                                              
                                                  
l.235 ...��值之间的差距大约是多少？''}
                                                   \newline
You may provide a definition with
\DeclareUnicodeCharacter 


! LaTeX Error: Unicode character 例 (U+4F8B)
               not set up for use with LaTeX.

See the LaTeX manual or LaTeX Companion for explanation.
Type  H <return>  for immediate help.
 ...                                              
                                                  
l.235 ...��值之间的差距大约是多少？''}
                                                   \newline
You may provide a definition with
\DeclareUnicodeCharacter 


! LaTeX Error: Unicode character 的 (U+7684)
               not set up for use with LaTeX.

See the LaTeX manual or LaTeX Companion for explanation.
Type  H <return>  for immediate help.
 ...                                              
                                                  
l.235 ...��值之间的差距大约是多少？''}
                                                   \newline
You may provide a definition with
\DeclareUnicodeCharacter 


! LaTeX Error: Unicode character 最 (U+6700)
               not set up for use with LaTeX.

See the LaTeX manual or LaTeX Companion for explanation.
Type  H <return>  for immediate help.
 ...                                              
                                                  
l.235 ...��值之间的差距大约是多少？''}
                                                   \newline
You may provide a definition with
\DeclareUnicodeCharacter 


! LaTeX Error: Unicode character 大 (U+5927)
               not set up for use with LaTeX.

See the LaTeX manual or LaTeX Companion for explanation.
Type  H <return>  for immediate help.
 ...                                              
                                                  
l.235 ...��值之间的差距大约是多少？''}
                                                   \newline
You may provide a definition with
\DeclareUnicodeCharacter 


! LaTeX Error: Unicode character 值 (U+503C)
               not set up for use with LaTeX.

See the LaTeX manual or LaTeX Companion for explanation.
Type  H <return>  for immediate help.
 ...                                              
                                                  
l.235 ...��值之间的差距大约是多少？''}
                                                   \newline
You may provide a definition with
\DeclareUnicodeCharacter 


! LaTeX Error: Unicode character 与 (U+4E0E)
               not set up for use with LaTeX.

See the LaTeX manual or LaTeX Companion for explanation.
Type  H <return>  for immediate help.
 ...                                              
                                                  
l.235 ...��值之间的差距大约是多少？''}
                                                   \newline
You may provide a definition with
\DeclareUnicodeCharacter 


! LaTeX Error: Unicode character 最 (U+6700)
               not set up for use with LaTeX.

See the LaTeX manual or LaTeX Companion for explanation.
Type  H <return>  for immediate help.
 ...                                              
                                                  
l.235 ...��值之间的差距大约是多少？''}
                                                   \newline
You may provide a definition with
\DeclareUnicodeCharacter 


! LaTeX Error: Unicode character 小 (U+5C0F)
               not set up for use with LaTeX.

See the LaTeX manual or LaTeX Companion for explanation.
Type  H <return>  for immediate help.
 ...                                              
                                                  
l.235 ...��值之间的差距大约是多少？''}
                                                   \newline
You may provide a definition with
\DeclareUnicodeCharacter 


! LaTeX Error: Unicode character 值 (U+503C)
               not set up for use with LaTeX.

See the LaTeX manual or LaTeX Companion for explanation.
Type  H <return>  for immediate help.
 ...                                              
                                                  
l.235 ...��值之间的差距大约是多少？''}
                                                   \newline
You may provide a definition with
\DeclareUnicodeCharacter 


! LaTeX Error: Unicode character 之 (U+4E4B)
               not set up for use with LaTeX.

See the LaTeX manual or LaTeX Companion for explanation.
Type  H <return>  for immediate help.
 ...                                              
                                                  
l.235 ...��值之间的差距大约是多少？''}
                                                   \newline
You may provide a definition with
\DeclareUnicodeCharacter 


! LaTeX Error: Unicode character 间 (U+95F4)
               not set up for use with LaTeX.

See the LaTeX manual or LaTeX Companion for explanation.
Type  H <return>  for immediate help.
 ...                                              
                                                  
l.235 ...��值之间的差距大约是多少？''}
                                                   \newline
You may provide a definition with
\DeclareUnicodeCharacter 


! LaTeX Error: Unicode character 的 (U+7684)
               not set up for use with LaTeX.

See the LaTeX manual or LaTeX Companion for explanation.
Type  H <return>  for immediate help.
 ...                                              
                                                  
l.235 ...��值之间的差距大约是多少？''}
                                                   \newline
You may provide a definition with
\DeclareUnicodeCharacter 


! LaTeX Error: Unicode character 差 (U+5DEE)
               not set up for use with LaTeX.

See the LaTeX manual or LaTeX Companion for explanation.
Type  H <return>  for immediate help.
 ...                                              
                                                  
l.235 ...��值之间的差距大约是多少？''}
                                                   \newline
You may provide a definition with
\DeclareUnicodeCharacter 


! LaTeX Error: Unicode character 距 (U+8DDD)
               not set up for use with LaTeX.

See the LaTeX manual or LaTeX Companion for explanation.
Type  H <return>  for immediate help.
 ...                                              
                                                  
l.235 ...��值之间的差距大约是多少？''}
                                                   \newline
You may provide a definition with
\DeclareUnicodeCharacter 


! LaTeX Error: Unicode character 大 (U+5927)
               not set up for use with LaTeX.

See the LaTeX manual or LaTeX Companion for explanation.
Type  H <return>  for immediate help.
 ...                                              
                                                  
l.235 ...��值之间的差距大约是多少？''}
                                                   \newline
You may provide a definition with
\DeclareUnicodeCharacter 


! LaTeX Error: Unicode character 约 (U+7EA6)
               not set up for use with LaTeX.

See the LaTeX manual or LaTeX Companion for explanation.
Type  H <return>  for immediate help.
 ...                                              
                                                  
l.235 ...��值之间的差距大约是多少？''}
                                                   \newline
You may provide a definition with
\DeclareUnicodeCharacter 


! LaTeX Error: Unicode character 是 (U+662F)
               not set up for use with LaTeX.

See the LaTeX manual or LaTeX Companion for explanation.
Type  H <return>  for immediate help.
 ...                                              
                                                  
l.235 ...��值之间的差距大约是多少？''}
                                                   \newline
You may provide a definition with
\DeclareUnicodeCharacter 


! LaTeX Error: Unicode character 多 (U+591A)
               not set up for use with LaTeX.

See the LaTeX manual or LaTeX Companion for explanation.
Type  H <return>  for immediate help.
 ...                                              
                                                  
l.235 ...��值之间的差距大约是多少？''}
                                                   \newline
You may provide a definition with
\DeclareUnicodeCharacter 


! LaTeX Error: Unicode character 少 (U+5C11)
               not set up for use with LaTeX.

See the LaTeX manual or LaTeX Companion for explanation.
Type  H <return>  for immediate help.
 ...                                              
                                                  
l.235 ...��值之间的差距大约是多少？''}
                                                   \newline
You may provide a definition with
\DeclareUnicodeCharacter 


! LaTeX Error: Unicode character ？ (U+FF1F)
               not set up for use with LaTeX.

See the LaTeX manual or LaTeX Companion for explanation.
Type  H <return>  for immediate help.
 ...                                              
                                                  
l.235 ...��值之间的差距大约是多少？''}
                                                   \newline
You may provide a definition with
\DeclareUnicodeCharacter 


Underfull \hbox (badness 10000) in paragraph at lines 230--237
\T1/ptm/b/n/8 DE: \T1/ptm/m/it/8 ``Um welchen Fak-tor ist der Handelspolitik-In
dex h�her als der
 []

<figures/ex_val.png, id=3396, 220.4235pt x 188.6247pt>
File: figures/ex_val.png Graphic file (type png)
<use figures/ex_val.png>
Package pdftex.def Info: figures/ex_val.png  used on input line 239.
(pdftex.def)             Requested size: 85.35826pt x 73.04237pt.

! LaTeX Error: Unicode character К (U+041A)
               not set up for use with LaTeX.

See the LaTeX manual or LaTeX Companion for explanation.
Type  H <return>  for immediate help.
 ...                                              
                                                  
l.243 ...�стративни през 2016 г.?''}
                                                   \newline
You may provide a definition with
\DeclareUnicodeCharacter 


! LaTeX Error: Unicode character а (U+0430)
               not set up for use with LaTeX.

See the LaTeX manual or LaTeX Companion for explanation.
Type  H <return>  for immediate help.
 ...                                              
                                                  
l.243 ...�стративни през 2016 г.?''}
                                                   \newline
You may provide a definition with
\DeclareUnicodeCharacter 


! LaTeX Error: Unicode character к (U+043A)
               not set up for use with LaTeX.

See the LaTeX manual or LaTeX Companion for explanation.
Type  H <return>  for immediate help.
 ...                                              
                                                  
l.243 ...�стративни през 2016 г.?''}
                                                   \newline
You may provide a definition with
\DeclareUnicodeCharacter 


! LaTeX Error: Unicode character в (U+0432)
               not set up for use with LaTeX.

See the LaTeX manual or LaTeX Companion for explanation.
Type  H <return>  for immediate help.
 ...                                              
                                                  
l.243 ...�стративни през 2016 г.?''}
                                                   \newline
You may provide a definition with
\DeclareUnicodeCharacter 


! LaTeX Error: Unicode character а (U+0430)
               not set up for use with LaTeX.

See the LaTeX manual or LaTeX Companion for explanation.
Type  H <return>  for immediate help.
 ...                                              
                                                  
l.243 ...�стративни през 2016 г.?''}
                                                   \newline
You may provide a definition with
\DeclareUnicodeCharacter 


! LaTeX Error: Unicode character е (U+0435)
               not set up for use with LaTeX.

See the LaTeX manual or LaTeX Companion for explanation.
Type  H <return>  for immediate help.
 ...                                              
                                                  
l.243 ...�стративни през 2016 г.?''}
                                                   \newline
You may provide a definition with
\DeclareUnicodeCharacter 


! LaTeX Error: Unicode character с (U+0441)
               not set up for use with LaTeX.

See the LaTeX manual or LaTeX Companion for explanation.
Type  H <return>  for immediate help.
 ...                                              
                                                  
l.243 ...�стративни през 2016 г.?''}
                                                   \newline
You may provide a definition with
\DeclareUnicodeCharacter 


! LaTeX Error: Unicode character т (U+0442)
               not set up for use with LaTeX.

See the LaTeX manual or LaTeX Companion for explanation.
Type  H <return>  for immediate help.
 ...                                              
                                                  
l.243 ...�стративни през 2016 г.?''}
                                                   \newline
You may provide a definition with
\DeclareUnicodeCharacter 


! LaTeX Error: Unicode character о (U+043E)
               not set up for use with LaTeX.

See the LaTeX manual or LaTeX Companion for explanation.
Type  H <return>  for immediate help.
 ...                                              
                                                  
l.243 ...�стративни през 2016 г.?''}
                                                   \newline
You may provide a definition with
\DeclareUnicodeCharacter 


! LaTeX Error: Unicode character й (U+0439)
               not set up for use with LaTeX.

See the LaTeX manual or LaTeX Companion for explanation.
Type  H <return>  for immediate help.
 ...                                              
                                                  
l.243 ...�стративни през 2016 г.?''}
                                                   \newline
You may provide a definition with
\DeclareUnicodeCharacter 


! LaTeX Error: Unicode character н (U+043D)
               not set up for use with LaTeX.

See the LaTeX manual or LaTeX Companion for explanation.
Type  H <return>  for immediate help.
 ...                                              
                                                  
l.243 ...�стративни през 2016 г.?''}
                                                   \newline
You may provide a definition with
\DeclareUnicodeCharacter 


! LaTeX Error: Unicode character о (U+043E)
               not set up for use with LaTeX.

See the LaTeX manual or LaTeX Companion for explanation.
Type  H <return>  for immediate help.
 ...                                              
                                                  
l.243 ...�стративни през 2016 г.?''}
                                                   \newline
You may provide a definition with
\DeclareUnicodeCharacter 


! LaTeX Error: Unicode character с (U+0441)
               not set up for use with LaTeX.

See the LaTeX manual or LaTeX Companion for explanation.
Type  H <return>  for immediate help.
 ...                                              
                                                  
l.243 ...�стративни през 2016 г.?''}
                                                   \newline
You may provide a definition with
\DeclareUnicodeCharacter 


! LaTeX Error: Unicode character т (U+0442)
               not set up for use with LaTeX.

See the LaTeX manual or LaTeX Companion for explanation.
Type  H <return>  for immediate help.
 ...                                              
                                                  
l.243 ...�стративни през 2016 г.?''}
                                                   \newline
You may provide a definition with
\DeclareUnicodeCharacter 


! LaTeX Error: Unicode character т (U+0442)
               not set up for use with LaTeX.

See the LaTeX manual or LaTeX Companion for explanation.
Type  H <return>  for immediate help.
 ...                                              
                                                  
l.243 ...�стративни през 2016 г.?''}
                                                   \newline
You may provide a definition with
\DeclareUnicodeCharacter 


! LaTeX Error: Unicode character а (U+0430)
               not set up for use with LaTeX.

See the LaTeX manual or LaTeX Companion for explanation.
Type  H <return>  for immediate help.
 ...                                              
                                                  
l.243 ...�стративни през 2016 г.?''}
                                                   \newline
You may provide a definition with
\DeclareUnicodeCharacter 


! LaTeX Error: Unicode character н (U+043D)
               not set up for use with LaTeX.

See the LaTeX manual or LaTeX Companion for explanation.
Type  H <return>  for immediate help.
 ...                                              
                                                  
l.243 ...�стративни през 2016 г.?''}
                                                   \newline
You may provide a definition with
\DeclareUnicodeCharacter 


! LaTeX Error: Unicode character а (U+0430)
               not set up for use with LaTeX.

See the LaTeX manual or LaTeX Companion for explanation.
Type  H <return>  for immediate help.
 ...                                              
                                                  
l.243 ...�стративни през 2016 г.?''}
                                                   \newline
You may provide a definition with
\DeclareUnicodeCharacter 


! LaTeX Error: Unicode character А (U+0410)
               not set up for use with LaTeX.

See the LaTeX manual or LaTeX Companion for explanation.
Type  H <return>  for immediate help.
 ...                                              
                                                  
l.243 ...�стративни през 2016 г.?''}
                                                   \newline
You may provide a definition with
\DeclareUnicodeCharacter 


! LaTeX Error: Unicode character д (U+0434)
               not set up for use with LaTeX.

See the LaTeX manual or LaTeX Companion for explanation.
Type  H <return>  for immediate help.
 ...                                              
                                                  
l.243 ...�стративни през 2016 г.?''}
                                                   \newline
You may provide a definition with
\DeclareUnicodeCharacter 


! LaTeX Error: Unicode character м (U+043C)
               not set up for use with LaTeX.

See the LaTeX manual or LaTeX Companion for explanation.
Type  H <return>  for immediate help.
 ...                                              
                                                  
l.243 ...�стративни през 2016 г.?''}
                                                   \newline
You may provide a definition with
\DeclareUnicodeCharacter 


! LaTeX Error: Unicode character и (U+0438)
               not set up for use with LaTeX.

See the LaTeX manual or LaTeX Companion for explanation.
Type  H <return>  for immediate help.
 ...                                              
                                                  
l.243 ...�стративни през 2016 г.?''}
                                                   \newline
You may provide a definition with
\DeclareUnicodeCharacter 


! LaTeX Error: Unicode character н (U+043D)
               not set up for use with LaTeX.

See the LaTeX manual or LaTeX Companion for explanation.
Type  H <return>  for immediate help.
 ...                                              
                                                  
l.243 ...�стративни през 2016 г.?''}
                                                   \newline
You may provide a definition with
\DeclareUnicodeCharacter 


! LaTeX Error: Unicode character и (U+0438)
               not set up for use with LaTeX.

See the LaTeX manual or LaTeX Companion for explanation.
Type  H <return>  for immediate help.
 ...                                              
                                                  
l.243 ...�стративни през 2016 г.?''}
                                                   \newline
You may provide a definition with
\DeclareUnicodeCharacter 


! LaTeX Error: Unicode character с (U+0441)
               not set up for use with LaTeX.

See the LaTeX manual or LaTeX Companion for explanation.
Type  H <return>  for immediate help.
 ...                                              
                                                  
l.243 ...�стративни през 2016 г.?''}
                                                   \newline
You may provide a definition with
\DeclareUnicodeCharacter 


! LaTeX Error: Unicode character т (U+0442)
               not set up for use with LaTeX.

See the LaTeX manual or LaTeX Companion for explanation.
Type  H <return>  for immediate help.
 ...                                              
                                                  
l.243 ...�стративни през 2016 г.?''}
                                                   \newline
You may provide a definition with
\DeclareUnicodeCharacter 


! LaTeX Error: Unicode character р (U+0440)
               not set up for use with LaTeX.

See the LaTeX manual or LaTeX Companion for explanation.
Type  H <return>  for immediate help.
 ...                                              
                                                  
l.243 ...�стративни през 2016 г.?''}
                                                   \newline
You may provide a definition with
\DeclareUnicodeCharacter 


! LaTeX Error: Unicode character а (U+0430)
               not set up for use with LaTeX.

See the LaTeX manual or LaTeX Companion for explanation.
Type  H <return>  for immediate help.
 ...                                              
                                                  
l.243 ...�стративни през 2016 г.?''}
                                                   \newline
You may provide a definition with
\DeclareUnicodeCharacter 


! LaTeX Error: Unicode character т (U+0442)
               not set up for use with LaTeX.

See the LaTeX manual or LaTeX Companion for explanation.
Type  H <return>  for immediate help.
 ...                                              
                                                  
l.243 ...�стративни през 2016 г.?''}
                                                   \newline
You may provide a definition with
\DeclareUnicodeCharacter 


! LaTeX Error: Unicode character и (U+0438)
               not set up for use with LaTeX.

See the LaTeX manual or LaTeX Companion for explanation.
Type  H <return>  for immediate help.
 ...                                              
                                                  
l.243 ...�стративни през 2016 г.?''}
                                                   \newline
You may provide a definition with
\DeclareUnicodeCharacter 


! LaTeX Error: Unicode character в (U+0432)
               not set up for use with LaTeX.

See the LaTeX manual or LaTeX Companion for explanation.
Type  H <return>  for immediate help.
 ...                                              
                                                  
l.243 ...�стративни през 2016 г.?''}
                                                   \newline
You may provide a definition with
\DeclareUnicodeCharacter 


! LaTeX Error: Unicode character н (U+043D)
               not set up for use with LaTeX.

See the LaTeX manual or LaTeX Companion for explanation.
Type  H <return>  for immediate help.
 ...                                              
                                                  
l.243 ...�стративни през 2016 г.?''}
                                                   \newline
You may provide a definition with
\DeclareUnicodeCharacter 


! LaTeX Error: Unicode character и (U+0438)
               not set up for use with LaTeX.

See the LaTeX manual or LaTeX Companion for explanation.
Type  H <return>  for immediate help.
 ...                                              
                                                  
l.243 ...�стративни през 2016 г.?''}
                                                   \newline
You may provide a definition with
\DeclareUnicodeCharacter 


! LaTeX Error: Unicode character п (U+043F)
               not set up for use with LaTeX.

See the LaTeX manual or LaTeX Companion for explanation.
Type  H <return>  for immediate help.
 ...                                              
                                                  
l.243 ...�стративни през 2016 г.?''}
                                                   \newline
You may provide a definition with
\DeclareUnicodeCharacter 


! LaTeX Error: Unicode character р (U+0440)
               not set up for use with LaTeX.

See the LaTeX manual or LaTeX Companion for explanation.
Type  H <return>  for immediate help.
 ...                                              
                                                  
l.243 ...�стративни през 2016 г.?''}
                                                   \newline
You may provide a definition with
\DeclareUnicodeCharacter 


! LaTeX Error: Unicode character е (U+0435)
               not set up for use with LaTeX.

See the LaTeX manual or LaTeX Companion for explanation.
Type  H <return>  for immediate help.
 ...                                              
                                                  
l.243 ...�стративни през 2016 г.?''}
                                                   \newline
You may provide a definition with
\DeclareUnicodeCharacter 


! LaTeX Error: Unicode character з (U+0437)
               not set up for use with LaTeX.

See the LaTeX manual or LaTeX Companion for explanation.
Type  H <return>  for immediate help.
 ...                                              
                                                  
l.243 ...�стративни през 2016 г.?''}
                                                   \newline
You may provide a definition with
\DeclareUnicodeCharacter 


! LaTeX Error: Unicode character г (U+0433)
               not set up for use with LaTeX.

See the LaTeX manual or LaTeX Companion for explanation.
Type  H <return>  for immediate help.
 ...                                              
                                                  
l.243 ...�стративни през 2016 г.?''}
                                                   \newline
You may provide a definition with
\DeclareUnicodeCharacter 


! LaTeX Error: Unicode character 新 (U+65B0)
               not set up for use with LaTeX.

See the LaTeX manual or LaTeX Companion for explanation.
Type  H <return>  for immediate help.
 ...                                              
                                                  
l.245 ...��日期，且该峰值约为多少？''}
                                                   \newline
You may provide a definition with
\DeclareUnicodeCharacter 


! LaTeX Error: Unicode character 闻 (U+95FB)
               not set up for use with LaTeX.

See the LaTeX manual or LaTeX Companion for explanation.
Type  H <return>  for immediate help.
 ...                                              
                                                  
l.245 ...��日期，且该峰值约为多少？''}
                                                   \newline
You may provide a definition with
\DeclareUnicodeCharacter 


! LaTeX Error: Unicode character 报 (U+62A5)
               not set up for use with LaTeX.

See the LaTeX manual or LaTeX Companion for explanation.
Type  H <return>  for immediate help.
 ...                                              
                                                  
l.245 ...��日期，且该峰值约为多少？''}
                                                   \newline
You may provide a definition with
\DeclareUnicodeCharacter 


! LaTeX Error: Unicode character 道 (U+9053)
               not set up for use with LaTeX.

See the LaTeX manual or LaTeX Companion for explanation.
Type  H <return>  for immediate help.
 ...                                              
                                                  
l.245 ...��日期，且该峰值约为多少？''}
                                                   \newline
You may provide a definition with
\DeclareUnicodeCharacter 


! LaTeX Error: Unicode character 数 (U+6570)
               not set up for use with LaTeX.

See the LaTeX manual or LaTeX Companion for explanation.
Type  H <return>  for immediate help.
 ...                                              
                                                  
l.245 ...��日期，且该峰值约为多少？''}
                                                   \newline
You may provide a definition with
\DeclareUnicodeCharacter 


! LaTeX Error: Unicode character 量 (U+91CF)
               not set up for use with LaTeX.

See the LaTeX manual or LaTeX Companion for explanation.
Type  H <return>  for immediate help.
 ...                                              
                                                  
l.245 ...��日期，且该峰值约为多少？''}
                                                   \newline
You may provide a definition with
\DeclareUnicodeCharacter 


! LaTeX Error: Unicode character 的 (U+7684)
               not set up for use with LaTeX.

See the LaTeX manual or LaTeX Companion for explanation.
Type  H <return>  for immediate help.
 ...                                              
                                                  
l.245 ...��日期，且该峰值约为多少？''}
                                                   \newline
You may provide a definition with
\DeclareUnicodeCharacter 


! LaTeX Error: Unicode character 峰 (U+5CF0)
               not set up for use with LaTeX.

See the LaTeX manual or LaTeX Companion for explanation.
Type  H <return>  for immediate help.
 ...                                              
                                                  
l.245 ...��日期，且该峰值约为多少？''}
                                                   \newline
You may provide a definition with
\DeclareUnicodeCharacter 


! LaTeX Error: Unicode character 值 (U+503C)
               not set up for use with LaTeX.

See the LaTeX manual or LaTeX Companion for explanation.
Type  H <return>  for immediate help.
 ...                                              
                                                  
l.245 ...��日期，且该峰值约为多少？''}
                                                   \newline
You may provide a definition with
\DeclareUnicodeCharacter 


! LaTeX Error: Unicode character 出 (U+51FA)
               not set up for use with LaTeX.

See the LaTeX manual or LaTeX Companion for explanation.
Type  H <return>  for immediate help.
 ...                                              
                                                  
l.245 ...��日期，且该峰值约为多少？''}
                                                   \newline
You may provide a definition with
\DeclareUnicodeCharacter 


! LaTeX Error: Unicode character 现 (U+73B0)
               not set up for use with LaTeX.

See the LaTeX manual or LaTeX Companion for explanation.
Type  H <return>  for immediate help.
 ...                                              
                                                  
l.245 ...��日期，且该峰值约为多少？''}
                                                   \newline
You may provide a definition with
\DeclareUnicodeCharacter 


! LaTeX Error: Unicode character 在 (U+5728)
               not set up for use with LaTeX.

See the LaTeX manual or LaTeX Companion for explanation.
Type  H <return>  for immediate help.
 ...                                              
                                                  
l.245 ...��日期，且该峰值约为多少？''}
                                                   \newline
You may provide a definition with
\DeclareUnicodeCharacter 


! LaTeX Error: Unicode character 哪 (U+54EA)
               not set up for use with LaTeX.

See the LaTeX manual or LaTeX Companion for explanation.
Type  H <return>  for immediate help.
 ...                                              
                                                  
l.245 ...��日期，且该峰值约为多少？''}
                                                   \newline
You may provide a definition with
\DeclareUnicodeCharacter 


! LaTeX Error: Unicode character 个 (U+4E2A)
               not set up for use with LaTeX.

See the LaTeX manual or LaTeX Companion for explanation.
Type  H <return>  for immediate help.
 ...                                              
                                                  
l.245 ...��日期，且该峰值约为多少？''}
                                                   \newline
You may provide a definition with
\DeclareUnicodeCharacter 


! LaTeX Error: Unicode character 大 (U+5927)
               not set up for use with LaTeX.

See the LaTeX manual or LaTeX Companion for explanation.
Type  H <return>  for immediate help.
 ...                                              
                                                  
l.245 ...��日期，且该峰值约为多少？''}
                                                   \newline
You may provide a definition with
\DeclareUnicodeCharacter 


! LaTeX Error: Unicode character 致 (U+81F4)
               not set up for use with LaTeX.

See the LaTeX manual or LaTeX Companion for explanation.
Type  H <return>  for immediate help.
 ...                                              
                                                  
l.245 ...��日期，且该峰值约为多少？''}
                                                   \newline
You may provide a definition with
\DeclareUnicodeCharacter 


! LaTeX Error: Unicode character 日 (U+65E5)
               not set up for use with LaTeX.

See the LaTeX manual or LaTeX Companion for explanation.
Type  H <return>  for immediate help.
 ...                                              
                                                  
l.245 ...��日期，且该峰值约为多少？''}
                                                   \newline
You may provide a definition with
\DeclareUnicodeCharacter 


! LaTeX Error: Unicode character 期 (U+671F)
               not set up for use with LaTeX.

See the LaTeX manual or LaTeX Companion for explanation.
Type  H <return>  for immediate help.
 ...                                              
                                                  
l.245 ...��日期，且该峰值约为多少？''}
                                                   \newline
You may provide a definition with
\DeclareUnicodeCharacter 


! LaTeX Error: Unicode character ， (U+FF0C)
               not set up for use with LaTeX.

See the LaTeX manual or LaTeX Companion for explanation.
Type  H <return>  for immediate help.
 ...                                              
                                                  
l.245 ...��日期，且该峰值约为多少？''}
                                                   \newline
You may provide a definition with
\DeclareUnicodeCharacter 


! LaTeX Error: Unicode character 且 (U+4E14)
               not set up for use with LaTeX.

See the LaTeX manual or LaTeX Companion for explanation.
Type  H <return>  for immediate help.
 ...                                              
                                                  
l.245 ...��日期，且该峰值约为多少？''}
                                                   \newline
You may provide a definition with
\DeclareUnicodeCharacter 


! LaTeX Error: Unicode character 该 (U+8BE5)
               not set up for use with LaTeX.

See the LaTeX manual or LaTeX Companion for explanation.
Type  H <return>  for immediate help.
 ...                                              
                                                  
l.245 ...��日期，且该峰值约为多少？''}
                                                   \newline
You may provide a definition with
\DeclareUnicodeCharacter 


! LaTeX Error: Unicode character 峰 (U+5CF0)
               not set up for use with LaTeX.

See the LaTeX manual or LaTeX Companion for explanation.
Type  H <return>  for immediate help.
 ...                                              
                                                  
l.245 ...��日期，且该峰值约为多少？''}
                                                   \newline
You may provide a definition with
\DeclareUnicodeCharacter 


! LaTeX Error: Unicode character 值 (U+503C)
               not set up for use with LaTeX.

See the LaTeX manual or LaTeX Companion for explanation.
Type  H <return>  for immediate help.
 ...                                              
                                                  
l.245 ...��日期，且该峰值约为多少？''}
                                                   \newline
You may provide a definition with
\DeclareUnicodeCharacter 


! LaTeX Error: Unicode character 约 (U+7EA6)
               not set up for use with LaTeX.

See the LaTeX manual or LaTeX Companion for explanation.
Type  H <return>  for immediate help.
 ...                                              
                                                  
l.245 ...��日期，且该峰值约为多少？''}
                                                   \newline
You may provide a definition with
\DeclareUnicodeCharacter 


! LaTeX Error: Unicode character 为 (U+4E3A)
               not set up for use with LaTeX.

See the LaTeX manual or LaTeX Companion for explanation.
Type  H <return>  for immediate help.
 ...                                              
                                                  
l.245 ...��日期，且该峰值约为多少？''}
                                                   \newline
You may provide a definition with
\DeclareUnicodeCharacter 


! LaTeX Error: Unicode character 多 (U+591A)
               not set up for use with LaTeX.

See the LaTeX manual or LaTeX Companion for explanation.
Type  H <return>  for immediate help.
 ...                                              
                                                  
l.245 ...��日期，且该峰值约为多少？''}
                                                   \newline
You may provide a definition with
\DeclareUnicodeCharacter 


! LaTeX Error: Unicode character 少 (U+5C11)
               not set up for use with LaTeX.

See the LaTeX manual or LaTeX Companion for explanation.
Type  H <return>  for immediate help.
 ...                                              
                                                  
l.245 ...��日期，且该峰值约为多少？''}
                                                   \newline
You may provide a definition with
\DeclareUnicodeCharacter 


! LaTeX Error: Unicode character ？ (U+FF1F)
               not set up for use with LaTeX.

See the LaTeX manual or LaTeX Companion for explanation.
Type  H <return>  for immediate help.
 ...                                              
                                                  
l.245 ...��日期，且该峰值约为多少？''}
                                                   \newline
You may provide a definition with
\DeclareUnicodeCharacter 

<figures/ex_cmpr.png, id=3397, 1480.0896pt x 541.3023pt>
File: figures/ex_cmpr.png Graphic file (type png)
<use figures/ex_cmpr.png>
Package pdftex.def Info: figures/ex_cmpr.png  used on input line 249.
(pdftex.def)             Requested size: 85.35826pt x 31.21301pt.

! LaTeX Error: Unicode character К (U+041A)
               not set up for use with LaTeX.

See the LaTeX manual or LaTeX Companion for explanation.
Type  H <return>  for immediate help.
 ...                                              
                                                  
l.253 ...� и Жилищни през 2015 г.?''}
                                                   \newline
You may provide a definition with
\DeclareUnicodeCharacter 


! LaTeX Error: Unicode character а (U+0430)
               not set up for use with LaTeX.

See the LaTeX manual or LaTeX Companion for explanation.
Type  H <return>  for immediate help.
 ...                                              
                                                  
l.253 ...� и Жилищни през 2015 г.?''}
                                                   \newline
You may provide a definition with
\DeclareUnicodeCharacter 


! LaTeX Error: Unicode character к (U+043A)
               not set up for use with LaTeX.

See the LaTeX manual or LaTeX Companion for explanation.
Type  H <return>  for immediate help.
 ...                                              
                                                  
l.253 ...� и Жилищни през 2015 г.?''}
                                                   \newline
You may provide a definition with
\DeclareUnicodeCharacter 


! LaTeX Error: Unicode character в (U+0432)
               not set up for use with LaTeX.

See the LaTeX manual or LaTeX Companion for explanation.
Type  H <return>  for immediate help.
 ...                                              
                                                  
l.253 ...� и Жилищни през 2015 г.?''}
                                                   \newline
You may provide a definition with
\DeclareUnicodeCharacter 


! LaTeX Error: Unicode character а (U+0430)
               not set up for use with LaTeX.

See the LaTeX manual or LaTeX Companion for explanation.
Type  H <return>  for immediate help.
 ...                                              
                                                  
l.253 ...� и Жилищни през 2015 г.?''}
                                                   \newline
You may provide a definition with
\DeclareUnicodeCharacter 


! LaTeX Error: Unicode character е (U+0435)
               not set up for use with LaTeX.

See the LaTeX manual or LaTeX Companion for explanation.
Type  H <return>  for immediate help.
 ...                                              
                                                  
l.253 ...� и Жилищни през 2015 г.?''}
                                                   \newline
You may provide a definition with
\DeclareUnicodeCharacter 


! LaTeX Error: Unicode character р (U+0440)
               not set up for use with LaTeX.

See the LaTeX manual or LaTeX Companion for explanation.
Type  H <return>  for immediate help.
 ...                                              
                                                  
l.253 ...� и Жилищни през 2015 г.?''}
                                                   \newline
You may provide a definition with
\DeclareUnicodeCharacter 


! LaTeX Error: Unicode character а (U+0430)
               not set up for use with LaTeX.

See the LaTeX manual or LaTeX Companion for explanation.
Type  H <return>  for immediate help.
 ...                                              
                                                  
l.253 ...� и Жилищни през 2015 г.?''}
                                                   \newline
You may provide a definition with
\DeclareUnicodeCharacter 


! LaTeX Error: Unicode character з (U+0437)
               not set up for use with LaTeX.

See the LaTeX manual or LaTeX Companion for explanation.
Type  H <return>  for immediate help.
 ...                                              
                                                  
l.253 ...� и Жилищни през 2015 г.?''}
                                                   \newline
You may provide a definition with
\DeclareUnicodeCharacter 


! LaTeX Error: Unicode character л (U+043B)
               not set up for use with LaTeX.

See the LaTeX manual or LaTeX Companion for explanation.
Type  H <return>  for immediate help.
 ...                                              
                                                  
l.253 ...� и Жилищни през 2015 г.?''}
                                                   \newline
You may provide a definition with
\DeclareUnicodeCharacter 


! LaTeX Error: Unicode character и (U+0438)
               not set up for use with LaTeX.

See the LaTeX manual or LaTeX Companion for explanation.
Type  H <return>  for immediate help.
 ...                                              
                                                  
l.253 ...� и Жилищни през 2015 г.?''}
                                                   \newline
You may provide a definition with
\DeclareUnicodeCharacter 


! LaTeX Error: Unicode character к (U+043A)
               not set up for use with LaTeX.

See the LaTeX manual or LaTeX Companion for explanation.
Type  H <return>  for immediate help.
 ...                                              
                                                  
l.253 ...� и Жилищни през 2015 г.?''}
                                                   \newline
You may provide a definition with
\DeclareUnicodeCharacter 


! LaTeX Error: Unicode character а (U+0430)
               not set up for use with LaTeX.

See the LaTeX manual or LaTeX Companion for explanation.
Type  H <return>  for immediate help.
 ...                                              
                                                  
l.253 ...� и Жилищни през 2015 г.?''}
                                                   \newline
You may provide a definition with
\DeclareUnicodeCharacter 


! LaTeX Error: Unicode character т (U+0442)
               not set up for use with LaTeX.

See the LaTeX manual or LaTeX Companion for explanation.
Type  H <return>  for immediate help.
 ...                                              
                                                  
l.253 ...� и Жилищни през 2015 г.?''}
                                                   \newline
You may provide a definition with
\DeclareUnicodeCharacter 


! LaTeX Error: Unicode character а (U+0430)
               not set up for use with LaTeX.

See the LaTeX manual or LaTeX Companion for explanation.
Type  H <return>  for immediate help.
 ...                                              
                                                  
l.253 ...� и Жилищни през 2015 г.?''}
                                                   \newline
You may provide a definition with
\DeclareUnicodeCharacter 


! LaTeX Error: Unicode character м (U+043C)
               not set up for use with LaTeX.

See the LaTeX manual or LaTeX Companion for explanation.
Type  H <return>  for immediate help.
 ...                                              
                                                  
l.253 ...� и Жилищни през 2015 г.?''}
                                                   \newline
You may provide a definition with
\DeclareUnicodeCharacter 


! LaTeX Error: Unicode character е (U+0435)
               not set up for use with LaTeX.

See the LaTeX manual or LaTeX Companion for explanation.
Type  H <return>  for immediate help.
 ...                                              
                                                  
l.253 ...� и Жилищни през 2015 г.?''}
                                                   \newline
You may provide a definition with
\DeclareUnicodeCharacter 


! LaTeX Error: Unicode character ж (U+0436)
               not set up for use with LaTeX.

See the LaTeX manual or LaTeX Companion for explanation.
Type  H <return>  for immediate help.
 ...                                              
                                                  
l.253 ...� и Жилищни през 2015 г.?''}
                                                   \newline
You may provide a definition with
\DeclareUnicodeCharacter 


! LaTeX Error: Unicode character д (U+0434)
               not set up for use with LaTeX.

See the LaTeX manual or LaTeX Companion for explanation.
Type  H <return>  for immediate help.
 ...                                              
                                                  
l.253 ...� и Жилищни през 2015 г.?''}
                                                   \newline
You may provide a definition with
\DeclareUnicodeCharacter 


! LaTeX Error: Unicode character у (U+0443)
               not set up for use with LaTeX.

See the LaTeX manual or LaTeX Companion for explanation.
Type  H <return>  for immediate help.
 ...                                              
                                                  
l.253 ...� и Жилищни през 2015 г.?''}
                                                   \newline
You may provide a definition with
\DeclareUnicodeCharacter 


! LaTeX Error: Unicode character Д (U+0414)
               not set up for use with LaTeX.

See the LaTeX manual or LaTeX Companion for explanation.
Type  H <return>  for immediate help.
 ...                                              
                                                  
l.253 ...� и Жилищни през 2015 г.?''}
                                                   \newline
You may provide a definition with
\DeclareUnicodeCharacter 


! LaTeX Error: Unicode character р (U+0440)
               not set up for use with LaTeX.

See the LaTeX manual or LaTeX Companion for explanation.
Type  H <return>  for immediate help.
 ...                                              
                                                  
l.253 ...� и Жилищни през 2015 г.?''}
                                                   \newline
You may provide a definition with
\DeclareUnicodeCharacter 


! LaTeX Error: Unicode character у (U+0443)
               not set up for use with LaTeX.

See the LaTeX manual or LaTeX Companion for explanation.
Type  H <return>  for immediate help.
 ...                                              
                                                  
l.253 ...� и Жилищни през 2015 г.?''}
                                                   \newline
You may provide a definition with
\DeclareUnicodeCharacter 


! LaTeX Error: Unicode character г (U+0433)
               not set up for use with LaTeX.

See the LaTeX manual or LaTeX Companion for explanation.
Type  H <return>  for immediate help.
 ...                                              
                                                  
l.253 ...� и Жилищни през 2015 г.?''}
                                                   \newline
You may provide a definition with
\DeclareUnicodeCharacter 


! LaTeX Error: Unicode character и (U+0438)
               not set up for use with LaTeX.

See the LaTeX manual or LaTeX Companion for explanation.
Type  H <return>  for immediate help.
 ...                                              
                                                  
l.253 ...� и Жилищни през 2015 г.?''}
                                                   \newline
You may provide a definition with
\DeclareUnicodeCharacter 


! LaTeX Error: Unicode character и (U+0438)
               not set up for use with LaTeX.

See the LaTeX manual or LaTeX Companion for explanation.
Type  H <return>  for immediate help.
 ...                                              
                                                  
l.253 ...� и Жилищни през 2015 г.?''}
                                                   \newline
You may provide a definition with
\DeclareUnicodeCharacter 


! LaTeX Error: Unicode character Ж (U+0416)
               not set up for use with LaTeX.

See the LaTeX manual or LaTeX Companion for explanation.
Type  H <return>  for immediate help.
 ...                                              
                                                  
l.253 ...� и Жилищни през 2015 г.?''}
                                                   \newline
You may provide a definition with
\DeclareUnicodeCharacter 


! LaTeX Error: Unicode character и (U+0438)
               not set up for use with LaTeX.

See the LaTeX manual or LaTeX Companion for explanation.
Type  H <return>  for immediate help.
 ...                                              
                                                  
l.253 ...� и Жилищни през 2015 г.?''}
                                                   \newline
You may provide a definition with
\DeclareUnicodeCharacter 


! LaTeX Error: Unicode character л (U+043B)
               not set up for use with LaTeX.

See the LaTeX manual or LaTeX Companion for explanation.
Type  H <return>  for immediate help.
 ...                                              
                                                  
l.253 ...� и Жилищни през 2015 г.?''}
                                                   \newline
You may provide a definition with
\DeclareUnicodeCharacter 


! LaTeX Error: Unicode character и (U+0438)
               not set up for use with LaTeX.

See the LaTeX manual or LaTeX Companion for explanation.
Type  H <return>  for immediate help.
 ...                                              
                                                  
l.253 ...� и Жилищни през 2015 г.?''}
                                                   \newline
You may provide a definition with
\DeclareUnicodeCharacter 


! LaTeX Error: Unicode character щ (U+0449)
               not set up for use with LaTeX.

See the LaTeX manual or LaTeX Companion for explanation.
Type  H <return>  for immediate help.
 ...                                              
                                                  
l.253 ...� и Жилищни през 2015 г.?''}
                                                   \newline
You may provide a definition with
\DeclareUnicodeCharacter 


! LaTeX Error: Unicode character н (U+043D)
               not set up for use with LaTeX.

See the LaTeX manual or LaTeX Companion for explanation.
Type  H <return>  for immediate help.
 ...                                              
                                                  
l.253 ...� и Жилищни през 2015 г.?''}
                                                   \newline
You may provide a definition with
\DeclareUnicodeCharacter 


! LaTeX Error: Unicode character и (U+0438)
               not set up for use with LaTeX.

See the LaTeX manual or LaTeX Companion for explanation.
Type  H <return>  for immediate help.
 ...                                              
                                                  
l.253 ...� и Жилищни през 2015 г.?''}
                                                   \newline
You may provide a definition with
\DeclareUnicodeCharacter 


! LaTeX Error: Unicode character п (U+043F)
               not set up for use with LaTeX.

See the LaTeX manual or LaTeX Companion for explanation.
Type  H <return>  for immediate help.
 ...                                              
                                                  
l.253 ...� и Жилищни през 2015 г.?''}
                                                   \newline
You may provide a definition with
\DeclareUnicodeCharacter 


! LaTeX Error: Unicode character р (U+0440)
               not set up for use with LaTeX.

See the LaTeX manual or LaTeX Companion for explanation.
Type  H <return>  for immediate help.
 ...                                              
                                                  
l.253 ...� и Жилищни през 2015 г.?''}
                                                   \newline
You may provide a definition with
\DeclareUnicodeCharacter 


! LaTeX Error: Unicode character е (U+0435)
               not set up for use with LaTeX.

See the LaTeX manual or LaTeX Companion for explanation.
Type  H <return>  for immediate help.
 ...                                              
                                                  
l.253 ...� и Жилищни през 2015 г.?''}
                                                   \newline
You may provide a definition with
\DeclareUnicodeCharacter 


! LaTeX Error: Unicode character з (U+0437)
               not set up for use with LaTeX.

See the LaTeX manual or LaTeX Companion for explanation.
Type  H <return>  for immediate help.
 ...                                              
                                                  
l.253 ...� и Жилищни през 2015 г.?''}
                                                   \newline
You may provide a definition with
\DeclareUnicodeCharacter 


! LaTeX Error: Unicode character г (U+0433)
               not set up for use with LaTeX.

See the LaTeX manual or LaTeX Companion for explanation.
Type  H <return>  for immediate help.
 ...                                              
                                                  
l.253 ...� и Жилищни през 2015 г.?''}
                                                   \newline
You may provide a definition with
\DeclareUnicodeCharacter 


! LaTeX Error: Unicode character 确 (U+786E)
               not set up for use with LaTeX.

See the LaTeX manual or LaTeX Companion for explanation.
Type  H <return>  for immediate help.
 ...                                              
                                                  
l.255 ...��新闻报道数量大约是多少？''}
                                                   \newline
You may provide a definition with
\DeclareUnicodeCharacter 


! LaTeX Error: Unicode character 诊 (U+8BCA)
               not set up for use with LaTeX.

See the LaTeX manual or LaTeX Companion for explanation.
Type  H <return>  for immediate help.
 ...                                              
                                                  
l.255 ...��新闻报道数量大约是多少？''}
                                                   \newline
You may provide a definition with
\DeclareUnicodeCharacter 


! LaTeX Error: Unicode character 病 (U+75C5)
               not set up for use with LaTeX.

See the LaTeX manual or LaTeX Companion for explanation.
Type  H <return>  for immediate help.
 ...                                              
                                                  
l.255 ...��新闻报道数量大约是多少？''}
                                                   \newline
You may provide a definition with
\DeclareUnicodeCharacter 


! LaTeX Error: Unicode character 例 (U+4F8B)
               not set up for use with LaTeX.

See the LaTeX manual or LaTeX Companion for explanation.
Type  H <return>  for immediate help.
 ...                                              
                                                  
l.255 ...��新闻报道数量大约是多少？''}
                                                   \newline
You may provide a definition with
\DeclareUnicodeCharacter 


! LaTeX Error: Unicode character 数 (U+6570)
               not set up for use with LaTeX.

See the LaTeX manual or LaTeX Companion for explanation.
Type  H <return>  for immediate help.
 ...                                              
                                                  
l.255 ...��新闻报道数量大约是多少？''}
                                                   \newline
You may provide a definition with
\DeclareUnicodeCharacter 


! LaTeX Error: Unicode character 最 (U+6700)
               not set up for use with LaTeX.

See the LaTeX manual or LaTeX Companion for explanation.
Type  H <return>  for immediate help.
 ...                                              
                                                  
l.255 ...��新闻报道数量大约是多少？''}
                                                   \newline
You may provide a definition with
\DeclareUnicodeCharacter 


! LaTeX Error: Unicode character 高 (U+9AD8)
               not set up for use with LaTeX.

See the LaTeX manual or LaTeX Companion for explanation.
Type  H <return>  for immediate help.
 ...                                              
                                                  
l.255 ...��新闻报道数量大约是多少？''}
                                                   \newline
You may provide a definition with
\DeclareUnicodeCharacter 


! LaTeX Error: Unicode character 那 (U+90A3)
               not set up for use with LaTeX.

See the LaTeX manual or LaTeX Companion for explanation.
Type  H <return>  for immediate help.
 ...                                              
                                                  
l.255 ...��新闻报道数量大约是多少？''}
                                                   \newline
You may provide a definition with
\DeclareUnicodeCharacter 


! LaTeX Error: Unicode character 天 (U+5929)
               not set up for use with LaTeX.

See the LaTeX manual or LaTeX Companion for explanation.
Type  H <return>  for immediate help.
 ...                                              
                                                  
l.255 ...��新闻报道数量大约是多少？''}
                                                   \newline
You may provide a definition with
\DeclareUnicodeCharacter 


! LaTeX Error: Unicode character ， (U+FF0C)
               not set up for use with LaTeX.

See the LaTeX manual or LaTeX Companion for explanation.
Type  H <return>  for immediate help.
 ...                                              
                                                  
l.255 ...��新闻报道数量大约是多少？''}
                                                   \newline
You may provide a definition with
\DeclareUnicodeCharacter 


! LaTeX Error: Unicode character 对 (U+5BF9)
               not set up for use with LaTeX.

See the LaTeX manual or LaTeX Companion for explanation.
Type  H <return>  for immediate help.
 ...                                              
                                                  
l.255 ...��新闻报道数量大约是多少？''}
                                                   \newline
You may provide a definition with
\DeclareUnicodeCharacter 


! LaTeX Error: Unicode character 应 (U+5E94)
               not set up for use with LaTeX.

See the LaTeX manual or LaTeX Companion for explanation.
Type  H <return>  for immediate help.
 ...                                              
                                                  
l.255 ...��新闻报道数量大约是多少？''}
                                                   \newline
You may provide a definition with
\DeclareUnicodeCharacter 


! LaTeX Error: Unicode character 新 (U+65B0)
               not set up for use with LaTeX.

See the LaTeX manual or LaTeX Companion for explanation.
Type  H <return>  for immediate help.
 ...                                              
                                                  
l.255 ...��新闻报道数量大约是多少？''}
                                                   \newline
You may provide a definition with
\DeclareUnicodeCharacter 


! LaTeX Error: Unicode character 闻 (U+95FB)
               not set up for use with LaTeX.

See the LaTeX manual or LaTeX Companion for explanation.
Type  H <return>  for immediate help.
 ...                                              
                                                  
l.255 ...��新闻报道数量大约是多少？''}
                                                   \newline
You may provide a definition with
\DeclareUnicodeCharacter 


! LaTeX Error: Unicode character 报 (U+62A5)
               not set up for use with LaTeX.

See the LaTeX manual or LaTeX Companion for explanation.
Type  H <return>  for immediate help.
 ...                                              
                                                  
l.255 ...��新闻报道数量大约是多少？''}
                                                   \newline
You may provide a definition with
\DeclareUnicodeCharacter 


! LaTeX Error: Unicode character 道 (U+9053)
               not set up for use with LaTeX.

See the LaTeX manual or LaTeX Companion for explanation.
Type  H <return>  for immediate help.
 ...                                              
                                                  
l.255 ...��新闻报道数量大约是多少？''}
                                                   \newline
You may provide a definition with
\DeclareUnicodeCharacter 


! LaTeX Error: Unicode character 数 (U+6570)
               not set up for use with LaTeX.

See the LaTeX manual or LaTeX Companion for explanation.
Type  H <return>  for immediate help.
 ...                                              
                                                  
l.255 ...��新闻报道数量大约是多少？''}
                                                   \newline
You may provide a definition with
\DeclareUnicodeCharacter 


! LaTeX Error: Unicode character 量 (U+91CF)
               not set up for use with LaTeX.

See the LaTeX manual or LaTeX Companion for explanation.
Type  H <return>  for immediate help.
 ...                                              
                                                  
l.255 ...��新闻报道数量大约是多少？''}
                                                   \newline
You may provide a definition with
\DeclareUnicodeCharacter 


! LaTeX Error: Unicode character 大 (U+5927)
               not set up for use with LaTeX.

See the LaTeX manual or LaTeX Companion for explanation.
Type  H <return>  for immediate help.
 ...                                              
                                                  
l.255 ...��新闻报道数量大约是多少？''}
                                                   \newline
You may provide a definition with
\DeclareUnicodeCharacter 


! LaTeX Error: Unicode character 约 (U+7EA6)
               not set up for use with LaTeX.

See the LaTeX manual or LaTeX Companion for explanation.
Type  H <return>  for immediate help.
 ...                                              
                                                  
l.255 ...��新闻报道数量大约是多少？''}
                                                   \newline
You may provide a definition with
\DeclareUnicodeCharacter 


! LaTeX Error: Unicode character 是 (U+662F)
               not set up for use with LaTeX.

See the LaTeX manual or LaTeX Companion for explanation.
Type  H <return>  for immediate help.
 ...                                              
                                                  
l.255 ...��新闻报道数量大约是多少？''}
                                                   \newline
You may provide a definition with
\DeclareUnicodeCharacter 


! LaTeX Error: Unicode character 多 (U+591A)
               not set up for use with LaTeX.

See the LaTeX manual or LaTeX Companion for explanation.
Type  H <return>  for immediate help.
 ...                                              
                                                  
l.255 ...��新闻报道数量大约是多少？''}
                                                   \newline
You may provide a definition with
\DeclareUnicodeCharacter 


! LaTeX Error: Unicode character 少 (U+5C11)
               not set up for use with LaTeX.

See the LaTeX manual or LaTeX Companion for explanation.
Type  H <return>  for immediate help.
 ...                                              
                                                  
l.255 ...��新闻报道数量大约是多少？''}
                                                   \newline
You may provide a definition with
\DeclareUnicodeCharacter 


! LaTeX Error: Unicode character ？ (U+FF1F)
               not set up for use with LaTeX.

See the LaTeX manual or LaTeX Companion for explanation.
Type  H <return>  for immediate help.
 ...                                              
                                                  
l.255 ...��新闻报道数量大约是多少？''}
                                                   \newline
You may provide a definition with
\DeclareUnicodeCharacter 


Underfull \hbox (badness 1412) in paragraph at lines 258--258
[]|\T1/ptm/m/n/8 Requires iden-ti-fy-ing the di-rec-tion or
 []

<figures/ex_trnd.png, id=3398, 570.933pt x 352.6776pt>
File: figures/ex_trnd.png Graphic file (type png)
<use figures/ex_trnd.png>
Package pdftex.def Info: figures/ex_trnd.png  used on input line 259.
(pdftex.def)             Requested size: 85.35826pt x 52.72714pt.

! LaTeX Error: Unicode character В (U+0412)
               not set up for use with LaTeX.

See the LaTeX manual or LaTeX Companion for explanation.
Type  H <return>  for immediate help.
 ...                                              
                                                  
l.263 ...� предходната година?''}
                                                   \newline
You may provide a definition with
\DeclareUnicodeCharacter 


! LaTeX Error: Unicode character к (U+043A)
               not set up for use with LaTeX.

See the LaTeX manual or LaTeX Companion for explanation.
Type  H <return>  for immediate help.
 ...                                              
                                                  
l.263 ...� предходната година?''}
                                                   \newline
You may provide a definition with
\DeclareUnicodeCharacter 


! LaTeX Error: Unicode character о (U+043E)
               not set up for use with LaTeX.

See the LaTeX manual or LaTeX Companion for explanation.
Type  H <return>  for immediate help.
 ...                                              
                                                  
l.263 ...� предходната година?''}
                                                   \newline
You may provide a definition with
\DeclareUnicodeCharacter 


! LaTeX Error: Unicode character и (U+0438)
               not set up for use with LaTeX.

See the LaTeX manual or LaTeX Companion for explanation.
Type  H <return>  for immediate help.
 ...                                              
                                                  
l.263 ...� предходната година?''}
                                                   \newline
You may provide a definition with
\DeclareUnicodeCharacter 


! LaTeX Error: Unicode character г (U+0433)
               not set up for use with LaTeX.

See the LaTeX manual or LaTeX Companion for explanation.
Type  H <return>  for immediate help.
 ...                                              
                                                  
l.263 ...� предходната година?''}
                                                   \newline
You may provide a definition with
\DeclareUnicodeCharacter 


! LaTeX Error: Unicode character о (U+043E)
               not set up for use with LaTeX.

See the LaTeX manual or LaTeX Companion for explanation.
Type  H <return>  for immediate help.
 ...                                              
                                                  
l.263 ...� предходната година?''}
                                                   \newline
You may provide a definition with
\DeclareUnicodeCharacter 


! LaTeX Error: Unicode character д (U+0434)
               not set up for use with LaTeX.

See the LaTeX manual or LaTeX Companion for explanation.
Type  H <return>  for immediate help.
 ...                                              
                                                  
l.263 ...� предходната година?''}
                                                   \newline
You may provide a definition with
\DeclareUnicodeCharacter 


! LaTeX Error: Unicode character и (U+0438)
               not set up for use with LaTeX.

See the LaTeX manual or LaTeX Companion for explanation.
Type  H <return>  for immediate help.
 ...                                              
                                                  
l.263 ...� предходната година?''}
                                                   \newline
You may provide a definition with
\DeclareUnicodeCharacter 


! LaTeX Error: Unicode character н (U+043D)
               not set up for use with LaTeX.

See the LaTeX manual or LaTeX Companion for explanation.
Type  H <return>  for immediate help.
 ...                                              
                                                  
l.263 ...� предходната година?''}
                                                   \newline
You may provide a definition with
\DeclareUnicodeCharacter 


! LaTeX Error: Unicode character и (U+0438)
               not set up for use with LaTeX.

See the LaTeX manual or LaTeX Companion for explanation.
Type  H <return>  for immediate help.
 ...                                              
                                                  
l.263 ...� предходната година?''}
                                                   \newline
You may provide a definition with
\DeclareUnicodeCharacter 


! LaTeX Error: Unicode character с (U+0441)
               not set up for use with LaTeX.

See the LaTeX manual or LaTeX Companion for explanation.
Type  H <return>  for immediate help.
 ...                                              
                                                  
l.263 ...� предходната година?''}
                                                   \newline
You may provide a definition with
\DeclareUnicodeCharacter 


! LaTeX Error: Unicode character т (U+0442)
               not set up for use with LaTeX.

See the LaTeX manual or LaTeX Companion for explanation.
Type  H <return>  for immediate help.
 ...                                              
                                                  
l.263 ...� предходната година?''}
                                                   \newline
You may provide a definition with
\DeclareUnicodeCharacter 


! LaTeX Error: Unicode character о (U+043E)
               not set up for use with LaTeX.

See the LaTeX manual or LaTeX Companion for explanation.
Type  H <return>  for immediate help.
 ...                                              
                                                  
l.263 ...� предходната година?''}
                                                   \newline
You may provide a definition with
\DeclareUnicodeCharacter 


! LaTeX Error: Unicode character й (U+0439)
               not set up for use with LaTeX.

See the LaTeX manual or LaTeX Companion for explanation.
Type  H <return>  for immediate help.
 ...                                              
                                                  
l.263 ...� предходната година?''}
                                                   \newline
You may provide a definition with
\DeclareUnicodeCharacter 


! LaTeX Error: Unicode character н (U+043D)
               not set up for use with LaTeX.

See the LaTeX manual or LaTeX Companion for explanation.
Type  H <return>  for immediate help.
 ...                                              
                                                  
l.263 ...� предходната година?''}
                                                   \newline
You may provide a definition with
\DeclareUnicodeCharacter 


! LaTeX Error: Unicode character о (U+043E)
               not set up for use with LaTeX.

See the LaTeX manual or LaTeX Companion for explanation.
Type  H <return>  for immediate help.
 ...                                              
                                                  
l.263 ...� предходната година?''}
                                                   \newline
You may provide a definition with
\DeclareUnicodeCharacter 


! LaTeX Error: Unicode character с (U+0441)
               not set up for use with LaTeX.

See the LaTeX manual or LaTeX Companion for explanation.
Type  H <return>  for immediate help.
 ...                                              
                                                  
l.263 ...� предходната година?''}
                                                   \newline
You may provide a definition with
\DeclareUnicodeCharacter 


! LaTeX Error: Unicode character т (U+0442)
               not set up for use with LaTeX.

See the LaTeX manual or LaTeX Companion for explanation.
Type  H <return>  for immediate help.
 ...                                              
                                                  
l.263 ...� предходната година?''}
                                                   \newline
You may provide a definition with
\DeclareUnicodeCharacter 


! LaTeX Error: Unicode character т (U+0442)
               not set up for use with LaTeX.

See the LaTeX manual or LaTeX Companion for explanation.
Type  H <return>  for immediate help.
 ...                                              
                                                  
l.263 ...� предходната година?''}
                                                   \newline
You may provide a definition with
\DeclareUnicodeCharacter 


! LaTeX Error: Unicode character а (U+0430)
               not set up for use with LaTeX.

See the LaTeX manual or LaTeX Companion for explanation.
Type  H <return>  for immediate help.
 ...                                              
                                                  
l.263 ...� предходната година?''}
                                                   \newline
You may provide a definition with
\DeclareUnicodeCharacter 


! LaTeX Error: Unicode character н (U+043D)
               not set up for use with LaTeX.

See the LaTeX manual or LaTeX Companion for explanation.
Type  H <return>  for immediate help.
 ...                                              
                                                  
l.263 ...� предходната година?''}
                                                   \newline
You may provide a definition with
\DeclareUnicodeCharacter 


! LaTeX Error: Unicode character а (U+0430)
               not set up for use with LaTeX.

See the LaTeX manual or LaTeX Companion for explanation.
Type  H <return>  for immediate help.
 ...                                              
                                                  
l.263 ...� предходната година?''}
                                                   \newline
You may provide a definition with
\DeclareUnicodeCharacter 


! LaTeX Error: Unicode character Д (U+0414)
               not set up for use with LaTeX.

See the LaTeX manual or LaTeX Companion for explanation.
Type  H <return>  for immediate help.
 ...                                              
                                                  
l.263 ...� предходната година?''}
                                                   \newline
You may provide a definition with
\DeclareUnicodeCharacter 


! LaTeX Error: Unicode character р (U+0440)
               not set up for use with LaTeX.

See the LaTeX manual or LaTeX Companion for explanation.
Type  H <return>  for immediate help.
 ...                                              
                                                  
l.263 ...� предходната година?''}
                                                   \newline
You may provide a definition with
\DeclareUnicodeCharacter 


! LaTeX Error: Unicode character у (U+0443)
               not set up for use with LaTeX.

See the LaTeX manual or LaTeX Companion for explanation.
Type  H <return>  for immediate help.
 ...                                              
                                                  
l.263 ...� предходната година?''}
                                                   \newline
You may provide a definition with
\DeclareUnicodeCharacter 


! LaTeX Error: Unicode character г (U+0433)
               not set up for use with LaTeX.

See the LaTeX manual or LaTeX Companion for explanation.
Type  H <return>  for immediate help.
 ...                                              
                                                  
l.263 ...� предходната година?''}
                                                   \newline
You may provide a definition with
\DeclareUnicodeCharacter 


! LaTeX Error: Unicode character и (U+0438)
               not set up for use with LaTeX.

See the LaTeX manual or LaTeX Companion for explanation.
Type  H <return>  for immediate help.
 ...                                              
                                                  
l.263 ...� предходната година?''}
                                                   \newline
You may provide a definition with
\DeclareUnicodeCharacter 


! LaTeX Error: Unicode character е (U+0435)
               not set up for use with LaTeX.

See the LaTeX manual or LaTeX Companion for explanation.
Type  H <return>  for immediate help.
 ...                                              
                                                  
l.263 ...� предходната година?''}
                                                   \newline
You may provide a definition with
\DeclareUnicodeCharacter 


! LaTeX Error: Unicode character п (U+043F)
               not set up for use with LaTeX.

See the LaTeX manual or LaTeX Companion for explanation.
Type  H <return>  for immediate help.
 ...                                              
                                                  
l.263 ...� предходната година?''}
                                                   \newline
You may provide a definition with
\DeclareUnicodeCharacter 


! LaTeX Error: Unicode character о (U+043E)
               not set up for use with LaTeX.

See the LaTeX manual or LaTeX Companion for explanation.
Type  H <return>  for immediate help.
 ...                                              
                                                  
l.263 ...� предходната година?''}
                                                   \newline
You may provide a definition with
\DeclareUnicodeCharacter 


! LaTeX Error: Unicode character н (U+043D)
               not set up for use with LaTeX.

See the LaTeX manual or LaTeX Companion for explanation.
Type  H <return>  for immediate help.
 ...                                              
                                                  
l.263 ...� предходната година?''}
                                                   \newline
You may provide a definition with
\DeclareUnicodeCharacter 


! LaTeX Error: Unicode character и (U+0438)
               not set up for use with LaTeX.

See the LaTeX manual or LaTeX Companion for explanation.
Type  H <return>  for immediate help.
 ...                                              
                                                  
l.263 ...� предходната година?''}
                                                   \newline
You may provide a definition with
\DeclareUnicodeCharacter 


! LaTeX Error: Unicode character с (U+0441)
               not set up for use with LaTeX.

See the LaTeX manual or LaTeX Companion for explanation.
Type  H <return>  for immediate help.
 ...                                              
                                                  
l.263 ...� предходната година?''}
                                                   \newline
You may provide a definition with
\DeclareUnicodeCharacter 


! LaTeX Error: Unicode character к (U+043A)
               not set up for use with LaTeX.

See the LaTeX manual or LaTeX Companion for explanation.
Type  H <return>  for immediate help.
 ...                                              
                                                  
l.263 ...� предходната година?''}
                                                   \newline
You may provide a definition with
\DeclareUnicodeCharacter 


! LaTeX Error: Unicode character а (U+0430)
               not set up for use with LaTeX.

See the LaTeX manual or LaTeX Companion for explanation.
Type  H <return>  for immediate help.
 ...                                              
                                                  
l.263 ...� предходната година?''}
                                                   \newline
You may provide a definition with
\DeclareUnicodeCharacter 


! LaTeX Error: Unicode character о (U+043E)
               not set up for use with LaTeX.

See the LaTeX manual or LaTeX Companion for explanation.
Type  H <return>  for immediate help.
 ...                                              
                                                  
l.263 ...� предходната година?''}
                                                   \newline
You may provide a definition with
\DeclareUnicodeCharacter 


! LaTeX Error: Unicode character т (U+0442)
               not set up for use with LaTeX.

See the LaTeX manual or LaTeX Companion for explanation.
Type  H <return>  for immediate help.
 ...                                              
                                                  
l.263 ...� предходната година?''}
                                                   \newline
You may provide a definition with
\DeclareUnicodeCharacter 


! LaTeX Error: Unicode character п (U+043F)
               not set up for use with LaTeX.

See the LaTeX manual or LaTeX Companion for explanation.
Type  H <return>  for immediate help.
 ...                                              
                                                  
l.263 ...� предходната година?''}
                                                   \newline
You may provide a definition with
\DeclareUnicodeCharacter 


! LaTeX Error: Unicode character р (U+0440)
               not set up for use with LaTeX.

See the LaTeX manual or LaTeX Companion for explanation.
Type  H <return>  for immediate help.
 ...                                              
                                                  
l.263 ...� предходната година?''}
                                                   \newline
You may provide a definition with
\DeclareUnicodeCharacter 


! LaTeX Error: Unicode character е (U+0435)
               not set up for use with LaTeX.

See the LaTeX manual or LaTeX Companion for explanation.
Type  H <return>  for immediate help.
 ...                                              
                                                  
l.263 ...� предходната година?''}
                                                   \newline
You may provide a definition with
\DeclareUnicodeCharacter 


! LaTeX Error: Unicode character д (U+0434)
               not set up for use with LaTeX.

See the LaTeX manual or LaTeX Companion for explanation.
Type  H <return>  for immediate help.
 ...                                              
                                                  
l.263 ...� предходната година?''}
                                                   \newline
You may provide a definition with
\DeclareUnicodeCharacter 


! LaTeX Error: Unicode character х (U+0445)
               not set up for use with LaTeX.

See the LaTeX manual or LaTeX Companion for explanation.
Type  H <return>  for immediate help.
 ...                                              
                                                  
l.263 ...� предходната година?''}
                                                   \newline
You may provide a definition with
\DeclareUnicodeCharacter 


! LaTeX Error: Unicode character о (U+043E)
               not set up for use with LaTeX.

See the LaTeX manual or LaTeX Companion for explanation.
Type  H <return>  for immediate help.
 ...                                              
                                                  
l.263 ...� предходната година?''}
                                                   \newline
You may provide a definition with
\DeclareUnicodeCharacter 


! LaTeX Error: Unicode character д (U+0434)
               not set up for use with LaTeX.

See the LaTeX manual or LaTeX Companion for explanation.
Type  H <return>  for immediate help.
 ...                                              
                                                  
l.263 ...� предходната година?''}
                                                   \newline
You may provide a definition with
\DeclareUnicodeCharacter 


! LaTeX Error: Unicode character н (U+043D)
               not set up for use with LaTeX.

See the LaTeX manual or LaTeX Companion for explanation.
Type  H <return>  for immediate help.
 ...                                              
                                                  
l.263 ...� предходната година?''}
                                                   \newline
You may provide a definition with
\DeclareUnicodeCharacter 


! LaTeX Error: Unicode character а (U+0430)
               not set up for use with LaTeX.

See the LaTeX manual or LaTeX Companion for explanation.
Type  H <return>  for immediate help.
 ...                                              
                                                  
l.263 ...� предходната година?''}
                                                   \newline
You may provide a definition with
\DeclareUnicodeCharacter 


! LaTeX Error: Unicode character т (U+0442)
               not set up for use with LaTeX.

See the LaTeX manual or LaTeX Companion for explanation.
Type  H <return>  for immediate help.
 ...                                              
                                                  
l.263 ...� предходната година?''}
                                                   \newline
You may provide a definition with
\DeclareUnicodeCharacter 


! LaTeX Error: Unicode character а (U+0430)
               not set up for use with LaTeX.

See the LaTeX manual or LaTeX Companion for explanation.
Type  H <return>  for immediate help.
 ...                                              
                                                  
l.263 ...� предходната година?''}
                                                   \newline
You may provide a definition with
\DeclareUnicodeCharacter 


! LaTeX Error: Unicode character г (U+0433)
               not set up for use with LaTeX.

See the LaTeX manual or LaTeX Companion for explanation.
Type  H <return>  for immediate help.
 ...                                              
                                                  
l.263 ...� предходната година?''}
                                                   \newline
You may provide a definition with
\DeclareUnicodeCharacter 


! LaTeX Error: Unicode character о (U+043E)
               not set up for use with LaTeX.

See the LaTeX manual or LaTeX Companion for explanation.
Type  H <return>  for immediate help.
 ...                                              
                                                  
l.263 ...� предходната година?''}
                                                   \newline
You may provide a definition with
\DeclareUnicodeCharacter 


! LaTeX Error: Unicode character д (U+0434)
               not set up for use with LaTeX.

See the LaTeX manual or LaTeX Companion for explanation.
Type  H <return>  for immediate help.
 ...                                              
                                                  
l.263 ...� предходната година?''}
                                                   \newline
You may provide a definition with
\DeclareUnicodeCharacter 


! LaTeX Error: Unicode character и (U+0438)
               not set up for use with LaTeX.

See the LaTeX manual or LaTeX Companion for explanation.
Type  H <return>  for immediate help.
 ...                                              
                                                  
l.263 ...� предходната година?''}
                                                   \newline
You may provide a definition with
\DeclareUnicodeCharacter 


! LaTeX Error: Unicode character н (U+043D)
               not set up for use with LaTeX.

See the LaTeX manual or LaTeX Companion for explanation.
Type  H <return>  for immediate help.
 ...                                              
                                                  
l.263 ...� предходната година?''}
                                                   \newline
You may provide a definition with
\DeclareUnicodeCharacter 


! LaTeX Error: Unicode character а (U+0430)
               not set up for use with LaTeX.

See the LaTeX manual or LaTeX Companion for explanation.
Type  H <return>  for immediate help.
 ...                                              
                                                  
l.263 ...� предходната година?''}
                                                   \newline
You may provide a definition with
\DeclareUnicodeCharacter 


! LaTeX Error: Unicode character 在 (U+5728)
               not set up for use with LaTeX.

See the LaTeX manual or LaTeX Companion for explanation.
Type  H <return>  for immediate help.
 ...                                              
                                                  
l.265 ...��人数呈现怎样的整体趋势？''}
                                                   \newline
You may provide a definition with
\DeclareUnicodeCharacter 


! LaTeX Error: Unicode character 月 (U+6708)
               not set up for use with LaTeX.

See the LaTeX manual or LaTeX Companion for explanation.
Type  H <return>  for immediate help.
 ...                                              
                                                  
l.265 ...��人数呈现怎样的整体趋势？''}
                                                   \newline
You may provide a definition with
\DeclareUnicodeCharacter 


! LaTeX Error: Unicode character 份 (U+4EFD)
               not set up for use with LaTeX.

See the LaTeX manual or LaTeX Companion for explanation.
Type  H <return>  for immediate help.
 ...                                              
                                                  
l.265 ...��人数呈现怎样的整体趋势？''}
                                                   \newline
You may provide a definition with
\DeclareUnicodeCharacter 


! LaTeX Error: Unicode character ， (U+FF0C)
               not set up for use with LaTeX.

See the LaTeX manual or LaTeX Companion for explanation.
Type  H <return>  for immediate help.
 ...                                              
                                                  
l.265 ...��人数呈现怎样的整体趋势？''}
                                                   \newline
You may provide a definition with
\DeclareUnicodeCharacter 


! LaTeX Error: Unicode character 每 (U+6BCF)
               not set up for use with LaTeX.

See the LaTeX manual or LaTeX Companion for explanation.
Type  H <return>  for immediate help.
 ...                                              
                                                  
l.265 ...��人数呈现怎样的整体趋势？''}
                                                   \newline
You may provide a definition with
\DeclareUnicodeCharacter 


! LaTeX Error: Unicode character 日 (U+65E5)
               not set up for use with LaTeX.

See the LaTeX manual or LaTeX Companion for explanation.
Type  H <return>  for immediate help.
 ...                                              
                                                  
l.265 ...��人数呈现怎样的整体趋势？''}
                                                   \newline
You may provide a definition with
\DeclareUnicodeCharacter 


! LaTeX Error: Unicode character 新 (U+65B0)
               not set up for use with LaTeX.

See the LaTeX manual or LaTeX Companion for explanation.
Type  H <return>  for immediate help.
 ...                                              
                                                  
l.265 ...��人数呈现怎样的整体趋势？''}
                                                   \newline
You may provide a definition with
\DeclareUnicodeCharacter 


! LaTeX Error: Unicode character 增 (U+589E)
               not set up for use with LaTeX.

See the LaTeX manual or LaTeX Companion for explanation.
Type  H <return>  for immediate help.
 ...                                              
                                                  
l.265 ...��人数呈现怎样的整体趋势？''}
                                                   \newline
You may provide a definition with
\DeclareUnicodeCharacter 


! LaTeX Error: Unicode character 确 (U+786E)
               not set up for use with LaTeX.

See the LaTeX manual or LaTeX Companion for explanation.
Type  H <return>  for immediate help.
 ...                                              
                                                  
l.265 ...��人数呈现怎样的整体趋势？''}
                                                   \newline
You may provide a definition with
\DeclareUnicodeCharacter 


! LaTeX Error: Unicode character 诊 (U+8BCA)
               not set up for use with LaTeX.

See the LaTeX manual or LaTeX Companion for explanation.
Type  H <return>  for immediate help.
 ...                                              
                                                  
l.265 ...��人数呈现怎样的整体趋势？''}
                                                   \newline
You may provide a definition with
\DeclareUnicodeCharacter 


! LaTeX Error: Unicode character 人 (U+4EBA)
               not set up for use with LaTeX.

See the LaTeX manual or LaTeX Companion for explanation.
Type  H <return>  for immediate help.
 ...                                              
                                                  
l.265 ...��人数呈现怎样的整体趋势？''}
                                                   \newline
You may provide a definition with
\DeclareUnicodeCharacter 


! LaTeX Error: Unicode character 数 (U+6570)
               not set up for use with LaTeX.

See the LaTeX manual or LaTeX Companion for explanation.
Type  H <return>  for immediate help.
 ...                                              
                                                  
l.265 ...��人数呈现怎样的整体趋势？''}
                                                   \newline
You may provide a definition with
\DeclareUnicodeCharacter 


! LaTeX Error: Unicode character 呈 (U+5448)
               not set up for use with LaTeX.

See the LaTeX manual or LaTeX Companion for explanation.
Type  H <return>  for immediate help.
 ...                                              
                                                  
l.265 ...��人数呈现怎样的整体趋势？''}
                                                   \newline
You may provide a definition with
\DeclareUnicodeCharacter 


! LaTeX Error: Unicode character 现 (U+73B0)
               not set up for use with LaTeX.

See the LaTeX manual or LaTeX Companion for explanation.
Type  H <return>  for immediate help.
 ...                                              
                                                  
l.265 ...��人数呈现怎样的整体趋势？''}
                                                   \newline
You may provide a definition with
\DeclareUnicodeCharacter 


! LaTeX Error: Unicode character 怎 (U+600E)
               not set up for use with LaTeX.

See the LaTeX manual or LaTeX Companion for explanation.
Type  H <return>  for immediate help.
 ...                                              
                                                  
l.265 ...��人数呈现怎样的整体趋势？''}
                                                   \newline
You may provide a definition with
\DeclareUnicodeCharacter 


! LaTeX Error: Unicode character 样 (U+6837)
               not set up for use with LaTeX.

See the LaTeX manual or LaTeX Companion for explanation.
Type  H <return>  for immediate help.
 ...                                              
                                                  
l.265 ...��人数呈现怎样的整体趋势？''}
                                                   \newline
You may provide a definition with
\DeclareUnicodeCharacter 


! LaTeX Error: Unicode character 的 (U+7684)
               not set up for use with LaTeX.

See the LaTeX manual or LaTeX Companion for explanation.
Type  H <return>  for immediate help.
 ...                                              
                                                  
l.265 ...��人数呈现怎样的整体趋势？''}
                                                   \newline
You may provide a definition with
\DeclareUnicodeCharacter 


! LaTeX Error: Unicode character 整 (U+6574)
               not set up for use with LaTeX.

See the LaTeX manual or LaTeX Companion for explanation.
Type  H <return>  for immediate help.
 ...                                              
                                                  
l.265 ...��人数呈现怎样的整体趋势？''}
                                                   \newline
You may provide a definition with
\DeclareUnicodeCharacter 


! LaTeX Error: Unicode character 体 (U+4F53)
               not set up for use with LaTeX.

See the LaTeX manual or LaTeX Companion for explanation.
Type  H <return>  for immediate help.
 ...                                              
                                                  
l.265 ...��人数呈现怎样的整体趋势？''}
                                                   \newline
You may provide a definition with
\DeclareUnicodeCharacter 


! LaTeX Error: Unicode character 趋 (U+8D8B)
               not set up for use with LaTeX.

See the LaTeX manual or LaTeX Companion for explanation.
Type  H <return>  for immediate help.
 ...                                              
                                                  
l.265 ...��人数呈现怎样的整体趋势？''}
                                                   \newline
You may provide a definition with
\DeclareUnicodeCharacter 


! LaTeX Error: Unicode character 势 (U+52BF)
               not set up for use with LaTeX.

See the LaTeX manual or LaTeX Companion for explanation.
Type  H <return>  for immediate help.
 ...                                              
                                                  
l.265 ...��人数呈现怎样的整体趋势？''}
                                                   \newline
You may provide a definition with
\DeclareUnicodeCharacter 


! LaTeX Error: Unicode character ？ (U+FF1F)
               not set up for use with LaTeX.

See the LaTeX manual or LaTeX Companion for explanation.
Type  H <return>  for immediate help.
 ...                                              
                                                  
l.265 ...��人数呈现怎样的整体趋势？''}
                                                   \newline
You may provide a definition with
\DeclareUnicodeCharacter 

<figures/ex_cnt.png, id=3399, 420.6114pt x 326.6604pt>
File: figures/ex_cnt.png Graphic file (type png)
<use figures/ex_cnt.png>
Package pdftex.def Info: figures/ex_cnt.png  used on input line 269.
(pdftex.def)             Requested size: 85.35826pt x 66.28792pt.

! LaTeX Error: Unicode character В (U+0412)
               not set up for use with LaTeX.

See the LaTeX manual or LaTeX Companion for explanation.
Type  H <return>  for immediate help.
 ...                                              
                                                  
l.273 ...за 2022 г. пада под 90\,000?''}
                                                   \newline
You may provide a definition with
\DeclareUnicodeCharacter 


! LaTeX Error: Unicode character к (U+043A)
               not set up for use with LaTeX.

See the LaTeX manual or LaTeX Companion for explanation.
Type  H <return>  for immediate help.
 ...                                              
                                                  
l.273 ...за 2022 г. пада под 90\,000?''}
                                                   \newline
You may provide a definition with
\DeclareUnicodeCharacter 


! LaTeX Error: Unicode character о (U+043E)
               not set up for use with LaTeX.

See the LaTeX manual or LaTeX Companion for explanation.
Type  H <return>  for immediate help.
 ...                                              
                                                  
l.273 ...за 2022 г. пада под 90\,000?''}
                                                   \newline
You may provide a definition with
\DeclareUnicodeCharacter 


! LaTeX Error: Unicode character л (U+043B)
               not set up for use with LaTeX.

See the LaTeX manual or LaTeX Companion for explanation.
Type  H <return>  for immediate help.
 ...                                              
                                                  
l.273 ...за 2022 г. пада под 90\,000?''}
                                                   \newline
You may provide a definition with
\DeclareUnicodeCharacter 


! LaTeX Error: Unicode character к (U+043A)
               not set up for use with LaTeX.

See the LaTeX manual or LaTeX Companion for explanation.
Type  H <return>  for immediate help.
 ...                                              
                                                  
l.273 ...за 2022 г. пада под 90\,000?''}
                                                   \newline
You may provide a definition with
\DeclareUnicodeCharacter 


! LaTeX Error: Unicode character о (U+043E)
               not set up for use with LaTeX.

See the LaTeX manual or LaTeX Companion for explanation.
Type  H <return>  for immediate help.
 ...                                              
                                                  
l.273 ...за 2022 г. пада под 90\,000?''}
                                                   \newline
You may provide a definition with
\DeclareUnicodeCharacter 


! LaTeX Error: Unicode character м (U+043C)
               not set up for use with LaTeX.

See the LaTeX manual or LaTeX Companion for explanation.
Type  H <return>  for immediate help.
 ...                                              
                                                  
l.273 ...за 2022 г. пада под 90\,000?''}
                                                   \newline
You may provide a definition with
\DeclareUnicodeCharacter 


! LaTeX Error: Unicode character е (U+0435)
               not set up for use with LaTeX.

See the LaTeX manual or LaTeX Companion for explanation.
Type  H <return>  for immediate help.
 ...                                              
                                                  
l.273 ...за 2022 г. пада под 90\,000?''}
                                                   \newline
You may provide a definition with
\DeclareUnicodeCharacter 


! LaTeX Error: Unicode character с (U+0441)
               not set up for use with LaTeX.

See the LaTeX manual or LaTeX Companion for explanation.
Type  H <return>  for immediate help.
 ...                                              
                                                  
l.273 ...за 2022 г. пада под 90\,000?''}
                                                   \newline
You may provide a definition with
\DeclareUnicodeCharacter 


! LaTeX Error: Unicode character е (U+0435)
               not set up for use with LaTeX.

See the LaTeX manual or LaTeX Companion for explanation.
Type  H <return>  for immediate help.
 ...                                              
                                                  
l.273 ...за 2022 г. пада под 90\,000?''}
                                                   \newline
You may provide a definition with
\DeclareUnicodeCharacter 


! LaTeX Error: Unicode character ц (U+0446)
               not set up for use with LaTeX.

See the LaTeX manual or LaTeX Companion for explanation.
Type  H <return>  for immediate help.
 ...                                              
                                                  
l.273 ...за 2022 г. пада под 90\,000?''}
                                                   \newline
You may provide a definition with
\DeclareUnicodeCharacter 


! LaTeX Error: Unicode character а (U+0430)
               not set up for use with LaTeX.

See the LaTeX manual or LaTeX Companion for explanation.
Type  H <return>  for immediate help.
 ...                                              
                                                  
l.273 ...за 2022 г. пада под 90\,000?''}
                                                   \newline
You may provide a definition with
\DeclareUnicodeCharacter 


! LaTeX Error: Unicode character с (U+0441)
               not set up for use with LaTeX.

See the LaTeX manual or LaTeX Companion for explanation.
Type  H <return>  for immediate help.
 ...                                              
                                                  
l.273 ...за 2022 г. пада под 90\,000?''}
                                                   \newline
You may provide a definition with
\DeclareUnicodeCharacter 


! LaTeX Error: Unicode character т (U+0442)
               not set up for use with LaTeX.

See the LaTeX manual or LaTeX Companion for explanation.
Type  H <return>  for immediate help.
 ...                                              
                                                  
l.273 ...за 2022 г. пада под 90\,000?''}
                                                   \newline
You may provide a definition with
\DeclareUnicodeCharacter 


! LaTeX Error: Unicode character о (U+043E)
               not set up for use with LaTeX.

See the LaTeX manual or LaTeX Companion for explanation.
Type  H <return>  for immediate help.
 ...                                              
                                                  
l.273 ...за 2022 г. пада под 90\,000?''}
                                                   \newline
You may provide a definition with
\DeclareUnicodeCharacter 


! LaTeX Error: Unicode character й (U+0439)
               not set up for use with LaTeX.

See the LaTeX manual or LaTeX Companion for explanation.
Type  H <return>  for immediate help.
 ...                                              
                                                  
l.273 ...за 2022 г. пада под 90\,000?''}
                                                   \newline
You may provide a definition with
\DeclareUnicodeCharacter 


! LaTeX Error: Unicode character н (U+043D)
               not set up for use with LaTeX.

See the LaTeX manual or LaTeX Companion for explanation.
Type  H <return>  for immediate help.
 ...                                              
                                                  
l.273 ...за 2022 г. пада под 90\,000?''}
                                                   \newline
You may provide a definition with
\DeclareUnicodeCharacter 


! LaTeX Error: Unicode character о (U+043E)
               not set up for use with LaTeX.

See the LaTeX manual or LaTeX Companion for explanation.
Type  H <return>  for immediate help.
 ...                                              
                                                  
l.273 ...за 2022 г. пада под 90\,000?''}
                                                   \newline
You may provide a definition with
\DeclareUnicodeCharacter 


! LaTeX Error: Unicode character с (U+0441)
               not set up for use with LaTeX.

See the LaTeX manual or LaTeX Companion for explanation.
Type  H <return>  for immediate help.
 ...                                              
                                                  
l.273 ...за 2022 г. пада под 90\,000?''}
                                                   \newline
You may provide a definition with
\DeclareUnicodeCharacter 


! LaTeX Error: Unicode character т (U+0442)
               not set up for use with LaTeX.

See the LaTeX manual or LaTeX Companion for explanation.
Type  H <return>  for immediate help.
 ...                                              
                                                  
l.273 ...за 2022 г. пада под 90\,000?''}
                                                   \newline
You may provide a definition with
\DeclareUnicodeCharacter 


! LaTeX Error: Unicode character т (U+0442)
               not set up for use with LaTeX.

See the LaTeX manual or LaTeX Companion for explanation.
Type  H <return>  for immediate help.
 ...                                              
                                                  
l.273 ...за 2022 г. пада под 90\,000?''}
                                                   \newline
You may provide a definition with
\DeclareUnicodeCharacter 


! LaTeX Error: Unicode character а (U+0430)
               not set up for use with LaTeX.

See the LaTeX manual or LaTeX Companion for explanation.
Type  H <return>  for immediate help.
 ...                                              
                                                  
l.273 ...за 2022 г. пада под 90\,000?''}
                                                   \newline
You may provide a definition with
\DeclareUnicodeCharacter 


! LaTeX Error: Unicode character з (U+0437)
               not set up for use with LaTeX.

See the LaTeX manual or LaTeX Companion for explanation.
Type  H <return>  for immediate help.
 ...                                              
                                                  
l.273 ...за 2022 г. пада под 90\,000?''}
                                                   \newline
You may provide a definition with
\DeclareUnicodeCharacter 


! LaTeX Error: Unicode character а (U+0430)
               not set up for use with LaTeX.

See the LaTeX manual or LaTeX Companion for explanation.
Type  H <return>  for immediate help.
 ...                                              
                                                  
l.273 ...за 2022 г. пада под 90\,000?''}
                                                   \newline
You may provide a definition with
\DeclareUnicodeCharacter 


! LaTeX Error: Unicode character г (U+0433)
               not set up for use with LaTeX.

See the LaTeX manual or LaTeX Companion for explanation.
Type  H <return>  for immediate help.
 ...                                              
                                                  
l.273 ...за 2022 г. пада под 90\,000?''}
                                                   \newline
You may provide a definition with
\DeclareUnicodeCharacter 


! LaTeX Error: Unicode character п (U+043F)
               not set up for use with LaTeX.

See the LaTeX manual or LaTeX Companion for explanation.
Type  H <return>  for immediate help.
 ...                                              
                                                  
l.273 ...за 2022 г. пада под 90\,000?''}
                                                   \newline
You may provide a definition with
\DeclareUnicodeCharacter 


! LaTeX Error: Unicode character а (U+0430)
               not set up for use with LaTeX.

See the LaTeX manual or LaTeX Companion for explanation.
Type  H <return>  for immediate help.
 ...                                              
                                                  
l.273 ...за 2022 г. пада под 90\,000?''}
                                                   \newline
You may provide a definition with
\DeclareUnicodeCharacter 


! LaTeX Error: Unicode character д (U+0434)
               not set up for use with LaTeX.

See the LaTeX manual or LaTeX Companion for explanation.
Type  H <return>  for immediate help.
 ...                                              
                                                  
l.273 ...за 2022 г. пада под 90\,000?''}
                                                   \newline
You may provide a definition with
\DeclareUnicodeCharacter 


! LaTeX Error: Unicode character а (U+0430)
               not set up for use with LaTeX.

See the LaTeX manual or LaTeX Companion for explanation.
Type  H <return>  for immediate help.
 ...                                              
                                                  
l.273 ...за 2022 г. пада под 90\,000?''}
                                                   \newline
You may provide a definition with
\DeclareUnicodeCharacter 


! LaTeX Error: Unicode character п (U+043F)
               not set up for use with LaTeX.

See the LaTeX manual or LaTeX Companion for explanation.
Type  H <return>  for immediate help.
 ...                                              
                                                  
l.273 ...за 2022 г. пада под 90\,000?''}
                                                   \newline
You may provide a definition with
\DeclareUnicodeCharacter 


! LaTeX Error: Unicode character о (U+043E)
               not set up for use with LaTeX.

See the LaTeX manual or LaTeX Companion for explanation.
Type  H <return>  for immediate help.
 ...                                              
                                                  
l.273 ...за 2022 г. пада под 90\,000?''}
                                                   \newline
You may provide a definition with
\DeclareUnicodeCharacter 


! LaTeX Error: Unicode character д (U+0434)
               not set up for use with LaTeX.

See the LaTeX manual or LaTeX Companion for explanation.
Type  H <return>  for immediate help.
 ...                                              
                                                  
l.273 ...за 2022 г. пада под 90\,000?''}
                                                   \newline
You may provide a definition with
\DeclareUnicodeCharacter 


! LaTeX Error: Unicode character 新 (U+65B0)
               not set up for use with LaTeX.

See the LaTeX manual or LaTeX Companion for explanation.
Type  H <return>  for immediate help.
 ...                                              
                                                  
l.275 ...�量低于2000的天数有多少天？''}
                                                   \newline
You may provide a definition with
\DeclareUnicodeCharacter 


! LaTeX Error: Unicode character 闻 (U+95FB)
               not set up for use with LaTeX.

See the LaTeX manual or LaTeX Companion for explanation.
Type  H <return>  for immediate help.
 ...                                              
                                                  
l.275 ...�量低于2000的天数有多少天？''}
                                                   \newline
You may provide a definition with
\DeclareUnicodeCharacter 


! LaTeX Error: Unicode character 报 (U+62A5)
               not set up for use with LaTeX.

See the LaTeX manual or LaTeX Companion for explanation.
Type  H <return>  for immediate help.
 ...                                              
                                                  
l.275 ...�量低于2000的天数有多少天？''}
                                                   \newline
You may provide a definition with
\DeclareUnicodeCharacter 


! LaTeX Error: Unicode character 道 (U+9053)
               not set up for use with LaTeX.

See the LaTeX manual or LaTeX Companion for explanation.
Type  H <return>  for immediate help.
 ...                                              
                                                  
l.275 ...�量低于2000的天数有多少天？''}
                                                   \newline
You may provide a definition with
\DeclareUnicodeCharacter 


! LaTeX Error: Unicode character 数 (U+6570)
               not set up for use with LaTeX.

See the LaTeX manual or LaTeX Companion for explanation.
Type  H <return>  for immediate help.
 ...                                              
                                                  
l.275 ...�量低于2000的天数有多少天？''}
                                                   \newline
You may provide a definition with
\DeclareUnicodeCharacter 


! LaTeX Error: Unicode character 量 (U+91CF)
               not set up for use with LaTeX.

See the LaTeX manual or LaTeX Companion for explanation.
Type  H <return>  for immediate help.
 ...                                              
                                                  
l.275 ...�量低于2000的天数有多少天？''}
                                                   \newline
You may provide a definition with
\DeclareUnicodeCharacter 


! LaTeX Error: Unicode character 低 (U+4F4E)
               not set up for use with LaTeX.

See the LaTeX manual or LaTeX Companion for explanation.
Type  H <return>  for immediate help.
 ...                                              
                                                  
l.275 ...�量低于2000的天数有多少天？''}
                                                   \newline
You may provide a definition with
\DeclareUnicodeCharacter 


! LaTeX Error: Unicode character 于 (U+4E8E)
               not set up for use with LaTeX.

See the LaTeX manual or LaTeX Companion for explanation.
Type  H <return>  for immediate help.
 ...                                              
                                                  
l.275 ...�量低于2000的天数有多少天？''}
                                                   \newline
You may provide a definition with
\DeclareUnicodeCharacter 


! LaTeX Error: Unicode character 的 (U+7684)
               not set up for use with LaTeX.

See the LaTeX manual or LaTeX Companion for explanation.
Type  H <return>  for immediate help.
 ...                                              
                                                  
l.275 ...�量低于2000的天数有多少天？''}
                                                   \newline
You may provide a definition with
\DeclareUnicodeCharacter 


! LaTeX Error: Unicode character 天 (U+5929)
               not set up for use with LaTeX.

See the LaTeX manual or LaTeX Companion for explanation.
Type  H <return>  for immediate help.
 ...                                              
                                                  
l.275 ...�量低于2000的天数有多少天？''}
                                                   \newline
You may provide a definition with
\DeclareUnicodeCharacter 


! LaTeX Error: Unicode character 数 (U+6570)
               not set up for use with LaTeX.

See the LaTeX manual or LaTeX Companion for explanation.
Type  H <return>  for immediate help.
 ...                                              
                                                  
l.275 ...�量低于2000的天数有多少天？''}
                                                   \newline
You may provide a definition with
\DeclareUnicodeCharacter 


! LaTeX Error: Unicode character 有 (U+6709)
               not set up for use with LaTeX.

See the LaTeX manual or LaTeX Companion for explanation.
Type  H <return>  for immediate help.
 ...                                              
                                                  
l.275 ...�量低于2000的天数有多少天？''}
                                                   \newline
You may provide a definition with
\DeclareUnicodeCharacter 


! LaTeX Error: Unicode character 多 (U+591A)
               not set up for use with LaTeX.

See the LaTeX manual or LaTeX Companion for explanation.
Type  H <return>  for immediate help.
 ...                                              
                                                  
l.275 ...�量低于2000的天数有多少天？''}
                                                   \newline
You may provide a definition with
\DeclareUnicodeCharacter 


! LaTeX Error: Unicode character 少 (U+5C11)
               not set up for use with LaTeX.

See the LaTeX manual or LaTeX Companion for explanation.
Type  H <return>  for immediate help.
 ...                                              
                                                  
l.275 ...�量低于2000的天数有多少天？''}
                                                   \newline
You may provide a definition with
\DeclareUnicodeCharacter 


! LaTeX Error: Unicode character 天 (U+5929)
               not set up for use with LaTeX.

See the LaTeX manual or LaTeX Companion for explanation.
Type  H <return>  for immediate help.
 ...                                              
                                                  
l.275 ...�量低于2000的天数有多少天？''}
                                                   \newline
You may provide a definition with
\DeclareUnicodeCharacter 


! LaTeX Error: Unicode character ？ (U+FF1F)
               not set up for use with LaTeX.

See the LaTeX manual or LaTeX Companion for explanation.
Type  H <return>  for immediate help.
 ...                                              
                                                  
l.275 ...�量低于2000的天数有多少天？''}
                                                   \newline
You may provide a definition with
\DeclareUnicodeCharacter 

<figures/ex_piefail.png, id=3400, 1788.6825pt x 741.4902pt>
File: figures/ex_piefail.png Graphic file (type png)
<use figures/ex_piefail.png>
Package pdftex.def Info: figures/ex_piefail.png  used on input line 296.
(pdftex.def)             Requested size: 79.6678pt x 33.01488pt.
File: figures/ex_piefail.png Graphic file (type png)
<use figures/ex_piefail.png>
Package pdftex.def Info: figures/ex_piefail.png  used on input line 303.
(pdftex.def)             Requested size: 79.6678pt x 33.01488pt.
File: figures/ex_piefail.png Graphic file (type png)
<use figures/ex_piefail.png>
Package pdftex.def Info: figures/ex_piefail.png  used on input line 311.
(pdftex.def)             Requested size: 79.6678pt x 33.01488pt.
<figures/ex_fab.png, id=3401, 992.9898pt x 462.528pt>
File: figures/ex_fab.png Graphic file (type png)
<use figures/ex_fab.png>
Package pdftex.def Info: figures/ex_fab.png  used on input line 320.
(pdftex.def)             Requested size: 79.6678pt x 37.10179pt.
<figures/ex_trend.png, id=3402, 923.6106pt x 432.8973pt>
File: figures/ex_trend.png Graphic file (type png)
<use figures/ex_trend.png>
Package pdftex.def Info: figures/ex_trend.png  used on input line 327.
(pdftex.def)             Requested size: 79.6678pt x 37.33412pt.

Underfull \hbox (badness 4556) in paragraph at lines 328--328
[]|\T1/ptm/m/n/8 ``\T1/ptm/m/it/8 begins at $[]\OMS/ztmcm/m/n/8 ^^@$\T1/ptm/m/i
t/8 1%, de-creases to $[]\OMS/ztmcm/m/n/8 ^^@$\T1/ptm/m/it/8 15% at
 []

<figures/ex_clarity.png, id=3403, 1932.21875pt x 1421.31pt>
File: figures/ex_clarity.png Graphic file (type png)
<use figures/ex_clarity.png>
Package pdftex.def Info: figures/ex_clarity.png  used on input line 334.
(pdftex.def)             Requested size: 79.6678pt x 58.5994pt.
[73] [74 <./figures/ex_comp.png (PNG copy)> <./figures/ex_val.png (PNG copy)> <
./figures/ex_cmpr.png (PNG copy)> <./figures/ex_trnd.png (PNG copy)> <./figures
/ex_cnt.png (PNG copy)>] [75 <./figures/ex_piefail.png (PNG copy)> <./figures/e
x_fab.png (PNG copy)> <./figures/ex_trend.png (PNG copy)> <./figures/ex_clarity
.png (PNG copy)>]
Underfull \hbox (badness 4913) in paragraph at lines 403--403
[]|\T1/ptm/m/n/6 ``Combine Max:2 + Max:3 --- com-pare to
 []


Underfull \hbox (badness 1783) in paragraph at lines 471--471
\T1/ptm/m/n/6 ``They do not con-verge; before-gate di-verges
 []

[76]

Package caption Warning: The option `hypcap=true' will be ignored for this
(caption)                particular \caption on input line 511.
See the caption package documentation for explanation.


Package caption Warning: The option `hypcap=true' will be ignored for this
(caption)                particular \caption on input line 526.
See the caption package documentation for explanation.


Underfull \hbox (badness 1721) in paragraph at lines 526--526
 []\T1/ptm/b/n/10 Table A.10: |[]\T1/ptm/m/n/10 Corpus and eval-u-a-tion 
 []


Overfull \hbox (1.34865pt too wide) in paragraph at lines 527--541
[][] 
 []

[77]

Package caption Warning: The option `hypcap=true' will be ignored for this
(caption)                particular \caption on input line 635.
See the caption package documentation for explanation.


Underfull \hbox (badness 1460) in paragraph at lines 635--635
 []\T1/ptm/b/n/10 Table A.14: |[]\T1/ptm/m/n/10 Transform degra-da-tion: 
 []


Underfull \hbox (badness 10000) in paragraph at lines 635--635
 \T1/ptm/m/n/10 MQM delta from orig-i-nal (judge- 
 []


Underfull \hbox (badness 2662) in paragraph at lines 635--635
 \T1/ptm/m/n/10 averaged, 45 fig-ures). Neg-a-tive = 
 []


Package caption Warning: The option `hypcap=true' will be ignored for this
(caption)                particular \caption on input line 656.
See the caption package documentation for explanation.


Underfull \hbox (badness 10000) in paragraph at lines 656--656
 []\T1/ptm/b/n/10 Table A.15: |[]\T1/ptm/m/n/10 Page-context con-di- 
 []


Underfull \hbox (badness 10000) in paragraph at lines 656--656
 \T1/ptm/m/n/10 tions: MQM delta from orig-i-nal 
 []

[78]

Package caption Warning: The option `hypcap=true' will be ignored for this
(caption)                particular \caption on input line 692.
See the caption package documentation for explanation.


Package caption Warning: The option `hypcap=true' will be ignored for this
(caption)                particular \caption on input line 715.
See the caption package documentation for explanation.


Underfull \hbox (badness 10000) in paragraph at lines 715--715
 []\T1/ptm/b/n/10 Table A.17: |[]\T1/ptm/m/n/10 Per-language MQM 
 []


Package caption Warning: The option `hypcap=true' will be ignored for this
(caption)                particular \caption on input line 742.
See the caption package documentation for explanation.


Underfull \hbox (badness 2221) in paragraph at lines 742--742
 \T1/ptm/m/n/10 (13 par-al-lel figs $\OMS/ztmcm/m/n/10 ^^B$ \T1/ptm/m/n/10 4 la
ngs, judge- 
 []


Package caption Warning: The option `hypcap=true' will be ignored for this
(caption)                particular \caption on input line 757.
See the caption package documentation for explanation.


Package caption Warning: The option `hypcap=true' will be ignored for this
(caption)                particular \caption on input line 777.
See the caption package documentation for explanation.


Package caption Warning: The option `hypcap=true' will be ignored for this
(caption)                particular \caption on input line 796.
See the caption package documentation for explanation.


Underfull \hbox (badness 3291) in paragraph at lines 796--796
 []\T1/ptm/b/n/10 Table A.21: |[]\T1/ptm/m/n/10 CoT ab-la-tion: ca-pa- 
 []


Underfull \hbox (badness 1859) in paragraph at lines 796--796
 \T1/ptm/m/n/10 bil-ity ac-cu-racy (judge-averaged). $\OT1/ztmcm/m/n/10 ^^A$ 
 []


Underfull \hbox (badness 1331) in paragraph at lines 796--796
 \T1/ptm/m/n/10 = CoT $\OMS/ztmcm/m/n/10 ^^@$ \T1/ptm/m/n/10 di-rect. A sin-gle
 generic 
 []

[79]

Package caption Warning: The option `hypcap=true' will be ignored for this
(caption)                particular \caption on input line 872.
See the caption package documentation for explanation.


Package caption Warning: The option `hypcap=true' will be ignored for this
(caption)                particular \caption on input line 898.
See the caption package documentation for explanation.

[80]
<figures/rq4/ari_radar.pdf, id=3438, 347.96101pt x 359.18208pt>
File: figures/rq4/ari_radar.pdf Graphic file (type pdf)
<use figures/rq4/ari_radar.pdf>
Package pdftex.def Info: figures/rq4/ari_radar.pdf  used on input line 935.
(pdftex.def)             Requested size: 204.85802pt x 211.46617pt.
<figures/rq4/admittance_stacked.pdf, id=3439, 394.14127pt x 254.80003pt>
File: figures/rq4/admittance_stacked.pdf Graphic file (type pdf)
<use figures/rq4/admittance_stacked.pdf>
Package pdftex.def Info: figures/rq4/admittance_stacked.pdf  used on input line
 941.
(pdftex.def)             Requested size: 204.85802pt x 132.43845pt.
<figures/rq1/leaderboard_dumbbell.pdf, id=3440, 572.96996pt x 428.23048pt>
File: figures/rq1/leaderboard_dumbbell.pdf Graphic file (type pdf)
<use figures/rq1/leaderboard_dumbbell.pdf>
Package pdftex.def Info: figures/rq1/leaderboard_dumbbell.pdf  used on input li
ne 949.
(pdftex.def)             Requested size: 204.85802pt x 153.11084pt.
<figures/rq1/scaling_plot.pdf, id=3441, 357.04504pt x 248.178pt>
File: figures/rq1/scaling_plot.pdf Graphic file (type pdf)
<use figures/rq1/scaling_plot.pdf>
Package pdftex.def Info: figures/rq1/scaling_plot.pdf  used on input line 955.
(pdftex.def)             Requested size: 204.85802pt x 142.39828pt.
) [81 <./figures/rq4/ari_radar.pdf> <./figures/rq4/admittance_stacked.pdf> <./f
igures/rq1/leaderboard_dumbbell.pdf> <./figures/rq1/scaling_plot.pdf>]
(./manuals.tex
Appendix B.

! LaTeX Error: Something's wrong--perhaps a missing \item.

See the LaTeX manual or LaTeX Companion for explanation.
Type  H <return>  for immediate help.
 ...                                              
                                                  
l.36 \item \textbf
                  {Clone and install:}
Try typing  <return>  to proceed.
If that doesn't work, type  X <return>  to quit.

\openout8 = `abdnthesis.listing'.

(./abdnthesis.listing)
LaTeX Font Info:    Font shape `T1/cmtt/bx/n' in size <10> not available
(Font)              Font shape `T1/cmtt/m/n' tried instead on input line 43.
\openout8 = `abdnthesis.listing'.

 (./abdnthesis.listing) [82



]
<figures/pipeline_flow.pdf, id=3800, 4995.66376pt x 1378.14874pt>
File: figures/pipeline_flow.pdf Graphic file (type pdf)
<use figures/pipeline_flow.pdf>
Package pdftex.def Info: figures/pipeline_flow.pdf  used on input line 58.
(pdftex.def)             Requested size: 426.79134pt x 117.71938pt.
\openout8 = `abdnthesis.listing'.

 (./abdnthesis.listing)
\openout8 = `abdnthesis.listing'.


(./abdnthesis.listing)
\openout8 = `abdnthesis.listing'.

 (./abdnthesis.listing) [83 <./figures/pipeline_flow.pdf>]
Underfull \hbox (badness 10000) in paragraph at lines 98--99
[]|\T1/cmtt/m/n/8 python3 scripts/experiments/run_transforms.py gpt-5.2
 []


Underfull \hbox (badness 10000) in paragraph at lines 99--100
[]|\T1/cmtt/m/n/8 python3 scripts/experiments/run_caption_bias.py
 []


Underfull \hbox (badness 10000) in paragraph at lines 100--101
[]|\T1/cmtt/m/n/8 python3 scripts/experiments/run_prompt_reverse.py
 []


Underfull \hbox (badness 10000) in paragraph at lines 101--102
[]|\T1/cmtt/m/n/8 python3 scripts/experiments/run_questions.py gpt-5.2
 []


Underfull \hbox (badness 10000) in paragraph at lines 102--103
[]|\T1/cmtt/m/n/8 python3 scripts/experiments/run_inductance.py --model
 []


Underfull \hbox (badness 10000) in paragraph at lines 103--104
[]|\T1/cmtt/m/n/8 python3 scripts/experiments/run_active_admittance.py
 []

\openout8 = `abdnthesis.listing'.

(./abdnthesis.listing)
Overfull \hbox (14.07304pt too wide) in paragraph at lines 120--121
\T1/ptm/m/n/10 their com-pu-ta-tion scripts. All scripts read from \T1/cmtt/m/n
/10 output/ \T1/ptm/m/n/10 and write re-sults to \T1/cmtt/m/n/10 output/evaluat
ion-results/\T1/ptm/m/n/10 .
 []


Underfull \vbox (badness 10000) has occurred while \output is active []

 [84]
[85]
Appendix C.

Overfull \hbox (75.04439pt too wide) in paragraph at lines 156--157
\T1/ptm/m/n/10 The repos-i-tory fol-lows a sep-a-ra-tion be-tween source data (
\T1/cmtt/m/n/10 Dataset/\T1/ptm/m/n/10 ), ex-per-i-ment def-i-ni-tions (\T1/cmt
t/m/n/10 adversarial_experiments/\T1/ptm/m/n/10 ),
 []


Overfull \hbox (112.58527pt too wide) in paragraph at lines 188--189
\T1/ptm/m/n/10 All thir-teen VLMs are ac-cessed through the \T1/cmtt/m/n/10 Fig
ureAnnotator \T1/ptm/m/n/10 ab-stract base class de-fined in \T1/cmtt/m/n/10 sc
ripts/llm_generation/models.py\T1/ptm/m/n/10 .
 []

[86

]
<figures/class_hierarchy.pdf, id=3875, 2027.575pt x 1864.9675pt>
File: figures/class_hierarchy.pdf Graphic file (type pdf)
<use figures/class_hierarchy.pdf>
Package pdftex.def Info: figures/class_hierarchy.pdf  used on input line 192.
(pdftex.def)             Requested size: 320.09349pt x 294.4169pt.

Underfull \vbox (badness 2662) has occurred while \output is active []

 [87 <./figures/class_hierarchy.pdf>]

! LaTeX Error: Something's wrong--perhaps a missing \item.

See the LaTeX manual or LaTeX Companion for explanation.
Type  H <return>  for immediate help.
 ...                                              
                                                  
l.223 \item \textbf
                   {Register the model} in the appropriate dictionary in \te...

Try typing  <return>  to proceed.
If that doesn't work, type  X <return>  to quit.

\openout8 = `abdnthesis.listing'.

(./abdnthesis.listing)
Overfull \hbox (28.1892pt too wide) in paragraph at lines 230--231
\T1/ptm/m/n/10 im-ple-ment \T1/cmtt/m/n/10 annotate_figure() \T1/ptm/m/n/10 and
 the \T1/cmtt/m/n/10 model_name \T1/ptm/m/n/10 prop-erty, and reg-is-ter the cl
ass in \T1/cmtt/m/n/10 MODEL_REGISTRY\T1/ptm/m/n/10 . 
 []

\openout8 = `abdnthesis.listing'.

(./abdnthesis.listing)

! LaTeX Error: Something's wrong--perhaps a missing \item.

See the LaTeX manual or LaTeX Companion for explanation.
Type  H <return>  for immediate help.
 ...                                              
                                                  
l.244 \item P
             lace figure images in \texttt{Dataset/figures/<lang>\_only/}
Try typing  <return>  to proceed.
If that doesn't work, type  X <return>  to quit.


Underfull \vbox (badness 1102) has occurred while \output is active []

 [88]
[89]
Appendix D.
[90

]
Appendix E.
[91

] [92]
Appendix F.
) [93

] (./abdnthesis.aux (./introduction.aux) (./background.aux)
(./literature-review.aux) (./design.aux) (./implementation.aux)
(./evaluation.aux) (./discussion.aux) (./conclusion.aux) (./appendix.aux))
 ***********
LaTeX2e <2025-11-01>
L3 programming layer <2026-01-19>
 ***********


LaTeX Font Warning: Size substitutions with differences
(Font)              up to 0.5pt have occurred.

Package rerunfilecheck Info: File `abdnthesis.out' has not changed.
(rerunfilecheck)             Checksum: E0C1720C7CC9F3E54CDFDC8376173A0D;21833.
 ) 
Here is how much of TeX's memory you used:
 34900 strings out of 467525
 691702 string characters out of 5418982
 1348871 words of memory out of 5000000
 62576 multiletter control sequences out of 15000+600000
 792959 words of font info for 271 fonts, out of 8000000 for 9000
 1141 hyphenation exceptions out of 8191
 86i,18n,96p,1569b,1859s stack positions out of 10000i,1000n,20000p,200000b,200000s
</usr/local/texlive/2026/texmf-dist/fonts/type1/public/amsfonts/cm/cmex10.pfb
></usr/local/texlive/2026/texmf-dist/fonts/type1/public/amsfonts/cm/cmmi10.pfb>
</usr/local/texlive/2026/texmf-dist/fonts/type1/public/amsfonts/cm/cmr10.pfb></
usr/local/texlive/2026/texmf-dist/fonts/type1/public/amsfonts/cm/cmsy10.pfb></u
sr/local/texlive/2026/texmf-dist/fonts/type1/public/amsfonts/symbols/msam10.pfb
></usr/local/texlive/2026/texmf-dist/fonts/type1/public/cm-super/sfsi0800.pfb><
/usr/local/texlive/2026/texmf-dist/fonts/type1/public/cm-super/sfss0800.pfb></u
sr/local/texlive/2026/texmf-dist/fonts/type1/public/cm-super/sfss1000.pfb></usr
/local/texlive/2026/texmf-dist/fonts/type1/public/cm-super/sfsx0800.pfb></usr/l
ocal/texlive/2026/texmf-dist/fonts/type1/public/cm-super/sftt0800.pfb></usr/loc
al/texlive/2026/texmf-dist/fonts/type1/public/cm-super/sftt1000.pfb></usr/local
/texlive/2026/texmf-dist/fonts/type1/public/cm-super/sftt1095.pfb></usr/local/t
exlive/2026/texmf-dist/fonts/type1/urw/symbol/usyr.pfb></usr/local/texlive/2026
/texmf-dist/fonts/type1/urw/symbol/usyr.pfb></usr/local/texlive/2026/texmf-dist
/fonts/type1/urw/times/utmb8a.pfb></usr/local/texlive/2026/texmf-dist/fonts/typ
e1/urw/times/utmbi8a.pfb></usr/local/texlive/2026/texmf-dist/fonts/type1/urw/ti
mes/utmr8a.pfb></usr/local/texlive/2026/texmf-dist/fonts/type1/urw/times/utmri8
a.pfb>
Output written on abdnthesis.pdf (93 pages, 14551781 bytes).
PDF statistics:
 4163 PDF objects out of 4296 (max. 8388607)
 2413 compressed objects within 25 object streams
 509 named destinations out of 1000 (max. 500000)
 1253 words of extra memory for PDF output out of 10000 (max. 10000000)

